TimeStamp,Tweet
2017-11-01 14:40:08,This is an exciting day! https://t.co/Wdc8gQ8kPd
2016-10-12 15:07:36,RT @AHAKansas: .@StFrancisTopeka thanks for making our walk special! #topekaheartwalk https://t.co/SST8Bagtte
2016-09-29 00:37:08,RT @StJoesDenver: Tips on packing a #healthy #lunch from @SCLHealth! https://t.co/SnXtcJUJ7m https://t.co/l6zlHgTSjj
2016-09-28 21:09:15,"Treating others with kindness costs nothing, but can change hearts, minds and attitudes. Give it a try today.… https://t.co/9C01YjlItl"
2016-09-06 23:06:12,@EffulgentGirl We are so sorry that happened! Here is the number for our patient advocacy team 785-295-8086.  They can help!
2016-09-01 17:44:44,@AchievesRL We are so happy to hear that you are back on the mend!  Take it easy and we will always be here for you if you need us! &lt;3
2016-09-01 17:43:30,"RT @ElevationDM: We love filming babies!
@StFrancisTopeka @SCLHealth
@nikkisloup
#Baby  #topeka #videomarketing https://t.co/iuMvwqmqpt"
2016-08-02 02:55:16,RT @V100Rocks: Help local kids &amp; get great deals! @CMNHospitals @StFrancisTopeka online auction going on  https://t.co/WfudTkZSLJ https://t…
2016-07-05 14:28:05,RT @TheCHAUSA: Meet Jenna Herron - a mission leader at @StFrancisTopeka https://t.co/Ktn2CQrexz #CatholicHealth
2016-05-31 20:30:54,RT @American_Heart: No need for an awkward phone booth change. Become a #strokehero by taking this quiz. https://t.co/mlwGnKeHXY https://t.…
2016-05-31 20:30:09,@EffulgentGirl We always want to know the details when something is not going as it should. Please call 295-8086 and share your experience.
2016-04-08 18:12:53,Visit our #pinweelsforprevention gardens provided by @kcsl during the month of April. #ChildAbusePreventionMonth https://t.co/lnXtPEIWHa
2016-03-22 15:21:47,Today is #DiabetesAlertDay click this link to take a quick quiz to see if you are at risk https://t.co/Z7SKPI5uIg https://t.co/sfaUq2egd2
2016-03-08 18:56:25,@SnCoEmergency @ShawneeSheriff @Topeka_Police we love it when you visit!
2016-02-19 17:10:33,It's beautiful outside! Open your windows and enjoy that #FridayFeeling #Topeka https://t.co/yqz1IAItnF
2016-02-19 15:37:17,"Feeling a little stressed? Doug Brehm, APRN suggests trying a new crafty hobby to relieve stress. #HeartHealthMonth https://t.co/1YKiMbo1B2"
2016-02-17 19:19:34,@AHAKansas It's a great mission!
2016-02-17 18:50:14,&lt;3 @AHAKansas here are today's #LittleHatsBigHeartsKC babies! https://t.co/SuwnLm3D19
2016-02-17 18:45:17,RT @misstylea: Healthy &amp; YUMMY food! Thx @StFrancisTopeka @Aramark @American_Heart &amp; @HealthyKsHosp 4 making #healthyeating easier https://…
2016-02-15 17:53:38,RT @TopekaZoo: Happy #Nationalhippoday ! https://t.co/jGw5lY6lFK
2016-02-15 16:15:23,"Diane Wilkins, APRN wants you to kick the habit now for a healthier heart! Thanks Karen High :)  #Hearthealthmonth https://t.co/CkZbXBvPLn"
2016-02-12 16:43:15,RT @SCLHealth: https://t.co/q2KtmKbNG2
2016-02-12 15:11:32,We've got that #FridayFeeling #HearHealthMonth #HeartHealthySelfie https://t.co/3N3YYwKYx3
2016-02-12 14:34:53,All Feb long we are sharing our Cardiologist's #HeartHealthMonth tips on our Facebook page! https://t.co/ilocuHsYfM https://t.co/f882Z5C9rE
2016-01-07 18:24:51,RT @HealthyKsHosp: Congrats to @StFrancisTopeka for putting into place new food &amp; beverage policies as part of their participation in @Heal…
2016-01-07 18:24:43,@HealthyKsHosp thank you very much!
2015-12-28 16:26:40,David didn't expect a life changing event when he was diagnosed with cancer. see his story  https://t.co/eXBj4YvVEV https://t.co/wuRnAkzkCu
2015-12-22 18:42:32,We had a great morning preparedness exercise with our friends from local law enforcement and @SnCoEmergency  https://t.co/82rbe922rj
2015-11-20 14:19:09,WE ARE HIRING! Come be part of our Team. https://t.co/xsYlb5LbUs #Topeka #TopekaJobs https://t.co/GX5SWASndG
2015-11-20 14:16:24,We are honored to share David's story! #Topeka #CANCERSURVIVOR  https://t.co/QVw2POC6Kz
2015-11-20 14:14:33,"RT @TheCHAUSA: Smart move: @Ascensionorg backs school chess programs in #Ferguson, MO https://t.co/loQlvf2TOw https://t.co/pakWQkCMoW"
2015-11-19 15:58:24,Sara is an inspiration to those who don’t think weight loss is possible for them. Video here https://t.co/FCPJ4x2T5J https://t.co/Vj6PXllcVn
2015-10-16 21:40:49,Team @StFrancisTopeka proudly supporting the @Royals! Countdown to the game is on! Go KC! #TakeTheCrown http://t.co/m1RVzhdT3h
2015-10-16 14:54:42,Game Day! St. Francis Health's Surgical team is showing their support for the @Royals! #TakeTheCrown #ForeverRoyal http://t.co/mDQDAtphuE
2015-10-15 16:31:34,Thank you @TheCHAUSA for letting us be a part of your project! We think our mission leader is pretty amazing! https://t.co/qOcCoc7Gs0
2015-10-15 16:21:38,@TheKCUA Thank you for this great campaign and all you are doing today to give back!
2015-10-15 15:14:53,Help local kids! For each post today with #theCUwayKS Ks Credit Union Assoc will donate $1 to CMN Hospitals in KS! http://t.co/5nnnaKR60n
2015-08-05 17:51:21,Meet our newest doctor at St. Francis Health! Now accepting new patients. #sports #medicine #physicians http://t.co/SPWKHUzrDL
2015-08-05 17:37:29,"RT @StJoesDenver: #Breastfeeding helps mom too! Reduces risk of high blood pressure, breast/ovarian cancer, heart disease and diabetes #wor…"
2015-07-28 19:53:49,RT @TheKCUA: .@DairyQueen Blizzard on 7/30 helps @KUMedCenter @StFrancisTopeka @ViaChristi #MiracleTreatDay http://t.co/5AhRPHSszR http://t…
2015-07-22 17:39:53,"With summertime sports in full swing, here are some great tips to keep your shoulders healthy! #summer #shoulders http://t.co/WqPPLlj17y"
2015-07-18 17:10:40,Cuteness overload at our Baby Fashion Show today! #BabyShower http://t.co/zOjLhNCG6g
2015-07-18 14:53:01,"Our Baby Shower setup is almost done, and we are ready to welcome our mommies and mommies-to-be! #babyshower http://t.co/TZXu4850mK"
2015-07-16 23:11:09,"Moms and moms-to-be, Saturday is our Baby Shower! Free event to help prepare you for baby and beyond! http://t.co/vSaaPYux3b  #babyshower"
2015-07-09 18:50:09,"We're having a baby shower! Register for this free event packed with fun, education and treats for mom and baby! http://t.co/BLL3oGlvrm"
2015-07-01 17:54:26,RT @SCLHealth: It’s OK to have fun with fireworks—but always do so safely. #fireworks #safety #JulyFourth http://t.co/ojZOFQyuWi http://t.c…
2015-07-01 17:53:41,RT @SCLHealth: http://t.co/EvLBMdCGz6
2015-06-24 13:25:50,"Congrats to Dr. Tom Hamilton, our CMO, for being recognized with the ESGR Patriot Award! #ESGR #patriot http://t.co/Yoale7BDH8"
2015-06-22 16:34:05,@GigaManz Thank you...we are lucky to have Dr. Joliff and his wonderful team. We hope your mother is doing well and recovering swiftly!
2015-06-22 16:30:55,"June 19, St. Francis Health becomes first facility in Kansas to offer patients a new heart failure monitoring system: http://t.co/QUrD7pdL6b"
2015-06-19 14:18:21,Plans for Saturday? Join us for a morning walk for a great cause...the Whisper Walk for ovarian cancer awareness: http://t.co/JmyJJog4ZS
2015-06-17 14:06:36,Did you see our cover photo? Join us TODAY for Wellness Wednesday! Details and registration information at https://t.co/OQR7xCVF1L
2015-06-05 15:49:22,Celebrate National CPR Awareness week by learning about ways you can save a life. #cprweek  https://t.co/ZRmIP6G6fo
2015-05-30 19:31:11,Join us Sunday for the CMN Car Show at Sam's Club to raise $ for Children's Miracle Network Hospitals at St. Francis. http://t.co/X8ZbUSmiSB
2015-05-29 20:14:49,Stop by Walmart North May 30 for BBQ and a chance to win a Harley! $$$ raised supports CMN Hospitals at St. Francis. http://t.co/EWrbrf9Awt
2015-05-29 19:20:11,RT @MomsEverydayKS: Check out the #FirstDaysClinic at @StFrancisTopeka and all they have to offer for new moms and babies after the break. …
2015-05-27 20:17:53,It's National Senior Health Fitness Day! Learn about our senior fitness classes by calling 785-295-5439 for info. http://t.co/cm86ZHqAxM
2015-05-21 21:59:47,"RT @SCLHealthJobs: #ClinicalJobs and Non-Clinical #jobs in #Topeka #KS - @StFrancisTopeka
Details here: http://t.co/WWEdWKhAgx http://t.co/…"
2015-05-20 22:32:56,"Congratulations to Tammy Tipton, our Cardiovascular Accreditation Coordinator AND the EHAC Person of the Year! http://t.co/yO8We70r9M"
2015-05-20 17:50:40,@StJoesDenver This is so fantastic. Congrats on a great project that will help protect so many kids!
2015-05-18 21:08:38,Know the risk factors for stroke and how to act F.A.S.T. #strokeawarenessmonth http://t.co/GdDUrDIG8h
2015-05-14 18:18:02,"Celebrating #HospitalWeek with a little ""thank you BBQ"" for all of our amazing associates. http://t.co/9e2aGQqjH4"
2015-05-13 21:18:06,@KDHE Thanks for having us at your Health Fair today! We shared lots of health and wellness info with a great crowd! http://t.co/Es96Hpihen
2015-05-11 21:52:05,Our 13th Annual Miracles Golf Classic is underway! $ raised will support pediatric care in 15 NE Kansas Counties. http://t.co/pgjrKfQnMa
2015-05-11 15:25:41,Great information on stroke risk factors from our friends @natlstrokeassoc. #StrokeMonth  https://t.co/ZlANbEGqQl
2015-05-07 15:01:47,"RT @SCLHealthJobs: #TBT

Our care-site @StFrancisTopeka was founded in 1909!  Read their interesting history: 
http://t.co/9lJCmfW6UG http:…"
2015-05-07 14:11:13,Thanks @meganhartMC for helping us recognize our wonderful nurses at St. Francis! We're proud of them! #NursesWeek  https://t.co/E2nzzdp5WD
2015-05-06 19:16:46,@MidlandCares thank you for all that you do for families in our community. We are proud we could support #CelebrationWalk15!
2015-05-06 19:09:51,@AHA_Wichita Thank you so much! Our team here is amazing and does a great job with stroke education and awareness year-round!
2015-04-28 15:45:10,Need a reason to laugh today? Studies show laughter is good for your health! http://t.co/heDG6LOrN5
2015-04-27 19:55:36,@dennis_dawn @sgtangry185 Thank you for coming out and being a part of the event!
2015-04-27 19:44:46,@WIBWJeremy Thanks for being such an amazing emcee for our Day of Dance event! We were so glad to have you there. #rockstar
2015-04-22 22:20:58,@wibwcarrie Thanks for coming out today! We appreciate your support and the amazing turnout from the community!
2015-04-22 13:24:58,Celebrate Earth Day and join us from 11 am - 1 pm for a free shredding event in our parking lot at 8th and Mulvane!  #recycle #EarthDay2015
2015-04-21 22:59:13,Join us Saturday for Day of Dance! Fun and fitness for the family...and door prizes! 9 a.m. to noon at @TopekaRamada. http://t.co/HAotJG3bUE
2015-03-17 20:10:57,Spirit of Women - http://t.co/QPkbHRncyH
2013-11-04 22:39:45,Join us for our Get Your Groove Back event this Thursday from 5:30 to 7:30 at the @TopekaRamada. Call 888-365-0440 to register.
2013-11-04 03:15:03,Spirit of Women - http://t.co/IQm14BnQoO
2013-10-15 23:53:13,You're Invited to Spirit Girls' Night Out - http://t.co/C3HdsMVmjm
2013-10-07 16:37:31,You're Invited to Spirit Girls' Night Out - http://t.co/bGXKU96iCk
2013-10-01 15:30:48,Join St. Francis on Oct. 17 at 5:30 for an Enchanting Affair. Call 888-365-0440 to register. http://t.co/KfERWKDsJw
2013-09-20 14:40:06,St. Francis Health and Stormont-Vail to collaborate on Pediatrics and Neonatal Services. http://t.co/ulSwiIrBwR
2013-09-16 21:48:35,"St. Francis Health to host seminars on balancing insulin and carbs. Keep an eye out for future dates, posting soon! http://t.co/Rcf6IUeUux"
2013-09-10 16:43:14,The Topeka Heart Walk is Sept. 28. Join us to help raise money for the @American_Heart. Sign up and donate here: http://t.co/md7J40Lj7f
2013-09-05 20:04:09,"Stay safe during sports season by attending one of Dr. Messmer's sports injury clinics on Saturdays, 8 to 11 a.m. http://t.co/VxgkJS5BKV"
2013-09-04 15:10:09,"Get it while it's hot! Today only, receive 20% off a wide variety of wind chimes available in the St. Francis Health Gift Shop."
2013-09-03 17:50:12,Mark your calendar for September 21 and join us and @topekahyvee for an educational health fair from 10:00 a.m. to noon!
2013-08-29 16:36:50,"Starting January 1, state of Kansas employees will receive assistance with weight loss procedures. Learn more here http://t.co/kKXlGScEfo"
2013-08-28 21:29:09,"GET IT WHILE IT'S HOT! Today in the St. Francis Health Gift Shop, when you buy a Gooseberry Patch Cookbook, you'll receive a free dip mix!"
2013-08-27 21:18:08,Be sure to watch @KansasFirstNews at 5 and 6 p.m. Our own Paul Leavens will be discussing diverting all emergency calls to local hospitals
2013-08-26 15:17:04,"St. Francis Health - Family Medicine is now open at Lake Shawnee! Call 785-270-7444, or stop by 3310 SE 29th Street. http://t.co/FU5qnvVTcJ"
2013-08-14 20:18:07,Be sure to watch @wibw tomorrow morning to catch our care providers talking about pregnancies. We'll be live at 6:00 and 7:00 a.m.!
2013-08-13 15:05:08,Exciting announcements at tomorrow's Miracle Network event at the KS Children's Discovery Center. Join us there from 5:30 to 7:30 p.m.
2013-08-12 18:50:08,It's Motivational Monday! Check out this article for tips on living a happier and healthier lifestyle http://t.co/c5tTf8NjpX
2013-08-09 19:17:43,Let's see your pics from #miracletreatday! Here's one of the Emporia DQ girls ready to dish up some sweet treats! http://t.co/dYKDc6wVvJ
2013-08-08 15:32:38,It's never too early for ice cream! Head over to Dairy Queen for #MiracleTreatDay! For every sweet treat you... http://t.co/vJB0aZSf8r
2013-08-07 14:37:56,Did you know tomorrow is Miracle Treat Day at Dairy Queen? A portion of the proceeds from your sweet treats will... http://t.co/B6IU3Skpl0
2013-08-06 19:24:37,"Is it possible to eat healthy and still stick to a budget?  Yes! Here are a few ideas: 

- Don’t waste... http://t.co/YkduFak8c4"
2013-08-06 14:00:27,"Yesterday Evelyn Lierz and Lisa Moser, co-executors of the Sylvester A. Skoch Estate, presented a check for... http://t.co/7XcD2NlxFv"
2013-08-05 17:06:36,"It's Motivational Monday! Check out this article we pinned on our Pinterest page, explaining the methods one... http://t.co/8U9lF8Xku8"
2013-08-02 14:20:38,Day 2 is off to a good start at the Miracle Marathon for Kids event at the North Walmart. We will be here until... http://t.co/j1QsiNGlFN
2013-08-01 20:18:13,The Radiothon is in full swing at the North Topeka Walmart. Have you made your pledge yet today? http://t.co/0utpVt4mve
2013-08-01 17:48:33,"From our website and call center services, to our face-to-face interaction and customer service with the... http://t.co/OnO2Mul2vM"
2013-08-01 14:19:20,"Today is the day, folks! Stop by Walmart in North Topeka to donate to the Children's Miracle Network Hospitals at... http://t.co/r1YTWDLuZY"
2013-07-31 19:30:22,Tomorrow is the big day! We hope you'll join Children's Miracle Network Hospitals at St. Francis Health Center... http://t.co/ySRetL5j3y
2013-07-30 21:18:29,Have some spare change lying around? Drop it off at any Topeka Walmart store through their Coinstar machine to... http://t.co/XbMP5owViY
2013-07-29 15:10:53,This Thursday kicks off the Miracle Marathon for Kids Radiothon for Children's Miracle Network Hospitals at St.... http://t.co/Ri3BN1vZpi
2013-07-26 18:58:29,"August 14 may seem like a ways away, but spots are already filling up for our next Wellness Wednesday through St.... http://t.co/rGgEkKEY3D"
2013-07-25 13:32:34,Check out this yummy snack from our friends at Spirit of Women Health Network. Not familiar with what Spirit of... http://t.co/alxnpNKqaO
2013-07-24 13:44:17,Join the Children's Miracle Network Hospitals at St. Francis Health Center August 1-3 at the Walmart in North... http://t.co/xDBOY4YCWL
2013-07-23 13:45:38,"It's going to be a gloomy, rainy day in Topeka. Why not take this opportunity to whip up some yummy recipes with... http://t.co/rtGt9C8c0q"
2013-07-22 19:23:05,Did you know St. Francis Health offers a wide variety of classes and support groups? From cancer support groups... http://t.co/5rJZ5OO4FC
2013-07-22 15:31:53,"Congratulations to Michelle Tinoco, who won our drawing at the Kansas First News' Women's Day Out event this... http://t.co/lhh6UoVceX"
2013-07-19 21:00:05,"I posted 16 photos on Facebook in the album ""Thank you Rasmussen College!"" http://t.co/2suQrlY8y1"
2013-07-19 18:41:43,"I posted 15 photos on Facebook in the album ""St. Francis Calendar Photo Contest"" http://t.co/exHbZ0oMOF"
2013-07-18 21:13:39,"The weather around here is heating up again and while death from heat is rare, getting sick from it isn't! Watch... http://t.co/IAXxlkwMaF"
2013-07-18 13:25:44,We hope you will join us this weekend for Kansas First News' Women's Day Out! Stop by the Expocentre's Ag Hall... http://t.co/DrVIFUZPK0
2013-07-17 21:40:26,Staying active is an important part of living a healthy lifestyle. Are you struggling to fit exercise into your... http://t.co/EVE7BpkP8H
2013-07-16 15:40:20,Be sure to check out this event at St. Francis Imaging Center &amp; Medical Clinic! http://t.co/lFcXNywrVr
2013-07-16 13:50:41,Don't forget to join us for our Hand in Hand Couples Cancer Screening Event tomorrow night from 5:00 p.m. to 7:00... http://t.co/Nyw12YLzrG
2013-07-15 21:15:56,The Children's Miracle Network Hospitals at St. Francis Health Center has tons of exciting events happening over... http://t.co/bJ9vkm615t
2013-07-15 14:15:58,Nearly two-thirds of U.S. adults and one in three children struggle because they are overweight or are dealing... http://t.co/rTeTiOVsQf
2013-07-12 18:27:09,Hooray! The weekend is here! Looking for things to do? Check out this list of 10 ways to work more fun and... http://t.co/vdGcxyPQ2o
2013-07-11 21:36:52,Join us on July 17 from 5 - 7 p.m. for a new couples screening program for breast cancer and prostate cancer.... http://t.co/zPiWTktssu
2013-07-11 21:34:40,Join us on July 17 from 5 - 7 p.m. for a new couples screening program for breast cancer and prostate cancer.... http://t.co/jQsoP4OjWf
2013-07-11 21:32:10,Join us on July 17 from 5 - 7 p.m. for a new couples screening program for breast cancer and prostate cancer.... http://t.co/JQ1bdD3qIy
2013-07-11 13:33:04,Have you been having trouble with joint pain? Visit the following website to learn about 4 natural remedies! http://t.co/v8WmXEiBwn
2013-07-10 13:12:01,"Don't forget to join us tonight from 6:00 to 7:00 p.m. at the Blue Moose for Wellness Wednesday! William Leeds,... http://t.co/SEJwRgZN5W"
2013-07-09 14:48:30,"Heat indexes could reach up to 109 degrees today! The following article, posted by the Center for Disease Control... http://t.co/yT8bOG4KZf"
2013-07-08 14:05:00,Start your Monday off right with a healthy breakfast. Here's one recipe to try from our friends at Cooking Light... http://t.co/cvzQBq4KAY
2013-07-05 19:16:17,"Don't forget to join us next Wednesday, July 10, for Wellness Wednesdays! http://t.co/XcRoRXmpxM"
2013-07-03 21:11:33,Have a safe and happy 4th of July! http://t.co/YRRD8DnDrs
2013-06-19 18:59:06,"When you're overweight, the world looks different.  
Did you know that St. Francis Health Turning Point... http://t.co/Jkvjo50vhX"
2013-06-16 13:30:03,Happy Father's Day. http://t.co/X4EkZwSNT3
2013-06-07 13:30:05,I posted a new photo to Facebook http://t.co/YAYO55Yzn1
2013-06-06 16:00:25,Do you know your basic water safety skills? http://t.co/5t40YxIZAK
2013-06-06 14:30:03,I posted a new photo to Facebook http://t.co/5aBnZF3qCi
2013-06-05 18:28:39,It's National Running Day! What a perfect opportunity to start that running program you've been thinking about or... http://t.co/fHi4i57xN0
2013-06-05 13:20:04,June is Men's Health Month. Please share with the men in your life. http://t.co/5wQpVvz4TU
2013-06-04 16:06:09,Looking for a healthy summertime dessert? Try this Strawberry Split. http://t.co/L42HzuqKGe
2013-06-03 14:30:04,Do you remember this in your daily life? http://t.co/HgPSWpWyxP
2013-05-31 14:30:05,I posted a new photo to Facebook http://t.co/PdhHOyrLKL
2013-05-30 14:30:04,"May is National Salad Month, so thought we'd celebrate with some great produce. Check out this great salad with... http://t.co/8rXCimeanA"
2013-05-30 14:22:50,We're so excited about this! We broke ground yesterday at Brewster Place for a new family medicine location. http://t.co/D2KvgUEDRX
2013-05-30 13:43:30,Great foods that give you energy but won't keep you up at night! http://t.co/aqSUy4cjhm
2013-05-29 13:30:04,"We are loving superfoods this week, so we made it our Wellness Wednesday topic! Which one is your favorite? http://t.co/7svbXrYHbx"
2013-05-27 13:40:05,"We thank those who have served and are serving our country, support their families and friends who cheer them on... http://t.co/M3gbAmZ9l3"
2013-05-24 14:40:04,"As the weather heats up, cool down with this low-fat, low-cal, low-sugar springtime smoothie recipe. http://t.co/Fhbj6lIXP4"
2013-05-23 15:20:04,I posted a new photo to Facebook http://t.co/1B3nFwWWss
2013-05-22 13:30:04,Feeling a bit down? Here are some tips to help you feel better for Wellness Wednesday this week. http://t.co/nbpDVw0JTU
2013-05-22 13:13:06,Are you a coffee drinker? http://t.co/Nqnn2dCbFW
2013-05-21 19:12:01,We're teaching Spirit of Women members How to Wear Their Genes at our members-only event Thursday! http://t.co/UtBAwUPBVL
2013-05-21 19:11:55,We're teaching women How to Wear Their Genes at our members-only event Thursday! - http://t.co/Tu07CY3Rm4
2013-05-21 14:08:50,Some of our associates enjoying their Hospital Week bags! :) http://t.co/l3hgbvzZUB
2013-05-21 13:56:03,Our hearts and prayers are with Oklahoma today. May God bless them throughout their recovery and rebuilding efforts. http://t.co/Pkalf25QYB
2013-05-20 14:10:05,I posted a new photo to Facebook http://t.co/2hFQ6OoS2m
2013-05-17 17:53:42,Being a woman is no longer a pre-existing condition! Our former governor is a wise woman. :) http://t.co/tyEGkz5PAT
2013-05-17 14:30:05,May is National Stroke Month. Do you know how to identify a stroke? http://t.co/Tu4I4QFTNQ
2013-05-16 17:57:55,Well said. http://t.co/GBTwlAufq5
2013-05-16 14:07:05,It's National Women's Health Week. Are you taking care of yourself? http://t.co/b6QS0qtXbu
2013-05-14 16:12:54,"Begun in 1921, National Hospital Week celebrates the history, technology and dedicated professionals who make our... http://t.co/s3JuKcpaHd"
2013-05-12 16:17:14,Happy Mother's Day. http://t.co/NUxYcyJPCi
2013-05-09 16:22:11,We'll be at Mom's Nite Out tonight from 5:30-8 p.m. at West Ridge Mall near Old Navy. Stop by our booth and... http://t.co/LizdjIFX5P
2013-05-08 14:20:07,Do you get enough vitamin D in your diet? http://t.co/az7SehqgbY
2013-05-07 13:10:06,We salute our nurses every day and especially during National Nurses Week. You have dedicated your life to helping... http://t.co/4HJ8EMThOS
2013-05-06 16:30:07,How are you rejoicing today? http://t.co/AVWcaz0Xb0
2013-05-03 13:30:07,Your brain is the boss of your body! Treat it with respect and reap the rewards of a long and healthy life. http://t.co/K6VDaxHYp5
2013-05-02 13:30:06,Remember to not be afraid. http://t.co/r6gh3r8pFJ
2013-05-01 13:30:06,"Click ""like"" if you're ready for summer vacation! http://t.co/KExci9bHr7"
2013-04-30 13:20:07,"Because Good Humor is one of our values and April is Humor Month, we thought we'd share these words of wisdom with... http://t.co/zzDQnHyEBy"
2013-04-29 15:40:06,Are you ready for lunch? http://t.co/mxgNu1OTwK
2013-04-29 14:35:22,This is pretty interesting. It shows different sleep patterns. http://t.co/7Q7zNh2umq
2013-04-26 14:12:46,Check it out! http://t.co/srKM4rD0rZ
2013-04-26 13:30:07,How do you show your love? http://t.co/f261WpKb9O
2013-04-25 14:51:32,Love this! http://t.co/mtCvqR8ugi
2013-04-25 13:30:06,"In honor of National Volunteer Week, we'd like to take a moment to thank our wonderful volunteers. We couldn't go... http://t.co/NMSwmf0Zf2"
2013-04-24 21:34:52,"Simple, but great, thoughts to end your workday. http://t.co/CkG2YENnwo"
2013-04-24 16:21:30,Tomorrow! http://t.co/nrFPI9kSSH
2013-04-24 13:20:06,Who has knee problems? http://t.co/JUuQQTvH1V
2013-04-23 15:30:03,Remember: All things are possible! http://t.co/bNw0zQM7jS
2013-04-23 13:00:01,What a great tool! http://t.co/NFIlOh6c8d
2013-04-22 16:51:59,What a great event! http://t.co/ykf7Tuf7J6
2013-04-22 14:20:02,Happy Earth Day. http://t.co/fVsduZQZKl
2013-04-19 13:30:03,What does this Bible verse mean to you? http://t.co/7mY4SbX6Id
2013-04-18 16:57:02,"I'm hiring! Interactive Communications Specialist at St. Francis Health Center - Topeka, Kansas Area #jobs http://t.co/wNYm6ebOA2"
2013-04-18 15:40:13,Here's another yummy recipe we gave out last week at our Fortify Your Spine seminar in case you missed it. http://t.co/VHBWgQNNg2
2013-04-17 14:30:04,It's Wellness Wednesday and time for another healthy tip! http://t.co/5HyIH6b0z7
2013-04-17 14:00:31,Our Catholic identity is evident in all we do. http://t.co/iFBcg3CmJu
2013-04-16 14:30:03,Did you miss last week's Fortify Your Spine seminar? Here's a great recipe we handed out. http://t.co/oO4J1xqwBU
2013-04-16 14:28:06,"Our thoughts and prayers are with all those affected by the tragedy in Boston, including the medical personnel... http://t.co/qWSlyRjxFi"
2013-04-16 13:18:34,What a great Tuesday sentiment. http://t.co/jYKzPp83uH
2013-04-15 13:30:02,Who's ready for warm weather? http://t.co/80hJQZVrI4
2013-04-12 15:25:27,Please spread the word. http://t.co/eDaP6OYFRv
2013-04-12 15:20:03,Looking to lose weight? Here are some tips to help. http://t.co/ga5ixfLknc
2013-04-11 15:40:12,Hard at work on the voiceover for an upcoming campaign http://t.co/PXQbyohjuQ
2013-04-11 13:20:02,"Click ""like"" if you or your kids were born at St. Francis! http://t.co/FO8uMyMyok"
2013-04-10 21:07:10,"Topeka glass artist AlBo Glass made this cool piece for us (yes, it's among brain stress relievers) http://t.co/CmPTpZGQi3"
2013-04-10 14:23:45,It's Wellness Wednesday! Time for the health tip of the week. http://t.co/vfzaqg82ew
2013-04-10 13:22:05,RT @FitnessGov: Is your child's school an #ActiveSchool? Visit http://t.co/SusblU5aJq to increase #physicalactivity opportunities throug ...
2013-04-10 13:11:30,"Guess what? We're on Instagram, Pinterest and Twitter too! Join us on these other social networks and check out... http://t.co/2jxvIFZykf"
2013-04-10 13:04:12,Does your child have allergies? Never fear! http://t.co/GTKNxq6sMx via @pinterest
2013-04-09 13:40:45,How will you celebrate today? http://t.co/gv35Xqh2aD
2013-04-08 19:47:02,Who are you rooting for tonight? http://t.co/xIAfsrLUbm
2013-04-08 17:53:05,What Happens to Food After You Eat It? http://t.co/wafF08OdlM
2013-04-05 19:30:02,"As a great way to wrap up the week, we're sharing this recipe for a tasty salad that is chock-full of... http://t.co/LwFT1S63Bi"
2013-04-05 14:40:03,"If back pain interrupts your life, you’re not alone. Back pain is one of the most common reasons for missed work,... http://t.co/DaPyVORkiI"
2013-04-04 14:30:02,"At St. Francis Health Center, we take our value of Stewardship seriously. How do you apply this principle in your... http://t.co/RADyETq7Vq"
2013-04-03 12:20:03,"It's Wellness Wednesday!

When it comes to your health, your mom was right—eating your veggies is key. They have... http://t.co/z2BLD1Ugqb"
2013-04-02 19:20:02,Does it hurt just to move? You're not alone. About 80% of the population experiences back problems at some time in... http://t.co/Zcsuvi5O5J
2013-04-02 13:20:02,Are you expecting? Here's a tip if you are: http://t.co/pYRLbtnMUJ
2013-04-01 13:30:02,What's on your to-do list today? Are you making time for what is truly important? http://t.co/WAhs3XQlXJ
2013-03-31 12:00:01,Happy Easter! http://t.co/EityT8P5kx
2013-03-30 15:30:05,Get your fruit servings with this delicious frozen yogurt dessert! It is low in fat and can help boost your immunity. http://t.co/9OLcsQDpk0
2013-03-29 20:22:26,"We can't wait to be there! We're donating a great Coach handbag, scarf and wristlet too. :) http://t.co/KzoMu2QzX0"
2013-03-29 19:48:38,Fish contain polyunsaturated fatty acids also called omega 3. These omega 3 fatty acids are extremely important... http://t.co/Q9cLFABn8O
2013-03-29 14:30:03,"We connect and communicate through stories, passing them from generation to generation. In the Christian year,... http://t.co/h1MuGw2CqF"
2013-03-28 14:44:17,Plans for the new Emergency Department call for a senior emergency room. #newER http://t.co/rNtdcd1zHx
2013-03-28 14:40:09,Just posted a photo http://t.co/spkCU7w1FC
2013-03-28 14:39:03,Many thanks to everyone who attended our Emergency Department groundbreaking ceremony yesterday.… http://t.co/bVG6KGLVzG
2013-03-28 13:20:03,"When times are difficult, do you remember that you have all that you need? http://t.co/51BZBtQR1h"
2013-03-27 20:30:03,50% to 80% of people in the U.S. are affected by spinal pain at some point in their lives. Don’t let your... http://t.co/vsBCGYCDTL
2013-03-27 14:59:12,This sounds delish (and healthy)! http://t.co/gVgYm1emZq
2013-03-27 13:30:02,"It's Wellness Wednesday:

Losing excess pounds and maintaining a healthy weight can help you feel better in a... http://t.co/tcFWy6YfYh"
2013-03-26 20:30:45,Today is Diabetes Alert Day. Are you at risk? http://t.co/NUJTgMmCxJ
2013-03-26 19:55:57,We're excited to announce we're expanding our Emergency Room. The groundbreaking is tomorrow!... http://t.co/Cs6h2qgDx4
2013-03-26 15:30:03,"A balanced diet includes lean proteins, fruits, vegetables and whole grains. Get them all in every bite of this... http://t.co/bpxMdwGxGz"
2013-03-25 20:42:13,Do you know if you’re eating the proper portion size? Get out the measuring cups and see how close your portions... http://t.co/pFnTCSDdK8
2013-03-25 12:30:02,Are you pregnant or thinking about becoming pregnant? Here's a tip for helping to prevent birth defects: http://t.co/wFgfBQoTHI
2013-03-22 15:10:03,"Lent teaches us that when we thirst for meaning, God is with us, leading us by the still waters and refreshing... http://t.co/S7bpyPnC3b"
2013-03-22 13:58:22,Fortify Your Spine with St. Francis Health Center and Spirit of Women http://t.co/b0q5pbAAJn
2013-03-22 13:58:14,Spirit of Women - http://t.co/jCqblWAfcT
2013-03-21 20:30:02,"March is Women's History Month.

How are you celebrating? http://t.co/GmcuYGKmtH"
2013-03-21 19:00:06,Welcome to one of the newest members of the St. Francis physician family! http://t.co/TGt1yTDIMU
2013-03-21 14:30:02,What are your rules for living a life filled with joy? http://t.co/Qn5ikQlq9F
2013-03-20 19:27:12,Are you happy spring is here? http://t.co/WsbH1Y9FgY
2013-03-20 15:20:02,"It's Wellness Wednesday!

Whether you’re grabbing a quick lunch or going out for a special event, make wise... http://t.co/f0jpsh0KFd"
2013-03-19 17:27:07,Yum! http://t.co/HVdqXxoLXb
2013-03-19 13:20:06,How has looking on the bright side of things affected your life? http://t.co/7nUhYdOEBm
2013-03-18 19:21:49,"It's Wellness Wednesday!

Whether you’re grabbing a quick lunch or going out for a special event, make wise... http://t.co/mBCf4sVb9f"
2013-03-18 19:18:41,"Our bodies depend on water to regulate temperature, transport nutrients and oxygen to cells, carry away waste... http://t.co/L3GOk2X3f9"
2013-03-13 19:42:05,The new pope has been named and made a great name choice—Pope Francis!... http://t.co/I8vMKihtVQ
2013-03-13 19:05:39,We love our dietitians! http://t.co/HSYDB1nWjg
2013-03-13 16:47:29,"It's Wellness Wednesday! It's also the middle of the week, when you might be tired of cooking healthy. Check out... http://t.co/vqQjVQcoX9"
2013-03-11 18:36:13,This is a great graphic that shows the benefits of quitting smoking. http://t.co/ogz5M1UAex
2013-03-11 15:39:32,"There’s no better way to start your morning off than with a healthy breakfast. Include lean protein, whole... http://t.co/ebZqzK4e5S"
2013-03-08 21:59:37,"Don't forget! Also, change your CO detector batteries this weekend. http://t.co/QvgPhMHm1x"
2013-03-08 16:39:08,Welcome to Spirit of Women - http://t.co/bHXrkPZaZk
2013-03-08 15:15:16,Thanks for joining us! http://t.co/d6wIYXNA7D
2013-03-08 15:15:09,Welcome to Spirit of Women - http://t.co/w4Cz5lMbvq
2013-03-08 14:22:53,Check out these great savings you receive be being a Spirit of Women member! http://t.co/DF2euSyH1M
2013-03-08 14:22:46,Spirit of Women - http://t.co/T7ptQ7aOAD
2013-03-08 13:50:28,Did you attend Day of Dance? Tell us what you thought of it so we can make it even better:... http://t.co/UKW25Fujbf
2013-03-08 13:25:49,"It's Friday and the weather is supposed to be nice today.

Are you ready for the weekend? http://t.co/fV0h12h5Bm"
2013-03-07 17:35:38,"Interesting study about using cash to incentivize people to lose weight.

Would money help you commit to your... http://t.co/g060KIb2Ha"
2013-03-04 13:46:18,"I'm in the midst of looking for a full-time, contract Interactive Communications Content Specialist. Message me for more info."
2013-03-02 21:43:26,"I posted 216 photos on Facebook in the album ""2013 Day of Dance-Photo Booth"" http://t.co/6rFJAhiyck"
2013-03-02 20:27:51,"I posted 111 photos on Facebook in the album ""2013 Day of Dance-Dancing On &amp; Off the Stage"" http://t.co/qT1OYXs6An"
2013-03-02 20:11:48,"I posted 19 photos on Facebook in the album ""2013 Day of Dance-Dancing On &amp; Off the Stage"" http://t.co/RuNj0TrUWX"
2013-03-02 20:08:45,"I posted 23 photos on Facebook in the album ""2013 Day of Dance-Dancing On &amp; Off the Stage"" http://t.co/898fSbRF58"
2013-03-02 20:03:46,"I posted 19 photos on Facebook in the album ""2013 Day of Dance-Dancing On &amp; Off the Stage"" http://t.co/n7ftHBvHYo"
2013-03-02 19:59:15,"I posted 22 photos on Facebook in the album ""2013 Day of Dance-Dancing On &amp; Off the Stage"" http://t.co/snqbrSrAXY"
2013-03-02 19:52:49,"I posted 21 photos on Facebook in the album ""2013 Day of Dance-Dancing On &amp; Off the Stage"" http://t.co/mM2msD8XKt"
2013-03-02 19:50:02,"I posted 21 photos on Facebook in the album ""2013 Day of Dance-Dancing On &amp; Off the Stage"" http://t.co/IDQpvIyYL5"
2013-03-02 19:40:58,"I posted 14 photos on Facebook in the album ""2013 Day of Dance-Registration"" http://t.co/wJyGQM2Il6"
2013-03-02 19:23:24,"I posted 10 photos on Facebook in the album ""2013 Day of Dance-Registration"" http://t.co/BlUHtdLmHr"
2013-02-27 17:44:27,St. Francis Advanced Wound Center http://t.co/sWlq8KkKbs
2013-02-27 15:43:28,Did you know that St. Francis Health Center is the only place in the Topeka region that may be able to treat your... http://t.co/gtbIp2zYFh
2013-02-27 14:36:39,Shoot for upcoming campaign. Isn't he cute? http://t.co/yYBNZyaEeU
2013-02-25 01:52:10,Were you Spotted at Day of Dance? Check out these photos to see. More event photos to come later this week. http://t.co/l95zYBa75Q
2013-02-23 17:47:11,Cheerleaders @ #dayofdance http://t.co/P0rX0LZZKl
2013-02-23 17:31:41,Love the ballerinas! #dayofdance http://t.co/YpucKg7pSL
2013-02-23 04:21:31,Excited for #dayofdance! http://t.co/zfTr5YRNw6
2013-02-23 02:21:22,Practicing for #dayofdance http://t.co/NEHA54W0x9
2013-02-22 19:41:14,You can still register for Day of Dance! Save time and prevent waiting in the long registration line... http://t.co/DJOk44KLdl
2013-02-22 12:02:37,Day of Dance is ON for tomorrow! Tune in to Kansas First News at 6:25 a.m. this morning learn more about it.
2013-02-21 18:29:29,What snowy fun are you having today? http://t.co/dKOWB7Dvg3
2013-02-20 14:02:19,"Due to the chance of bad weather tonight, we'll be canceling our ""Managing Manopause"" session tonight. Please... http://t.co/ypYWUrUf"
2013-02-19 17:20:06,"Men Get Mood Swings Too
Hormone changes are a natural part of aging, but ladies, you’re not alone! Doctors are... http://t.co/5rPVHnpg"
2013-02-19 04:01:35,Cardiovascular campaign print photo shoot @ St. Francis Health Center http://t.co/lj3uYMTc
2013-02-19 03:59:27,Minimally invasive commercial shoot @ St. Francis Health Center http://t.co/iiWVGbWA
2013-02-18 22:40:06,Happy Presidents Day. http://t.co/mmWxjO7L
2013-02-14 16:44:13,Yum! http://t.co/UjZ9Jw6m
2013-02-14 15:19:29,Happy Valentine's Day! http://t.co/xBjgFI1O
2013-02-12 20:36:25,"Today is Mardi Gras, or Fat Tuesday, the day before the start of Lent, when we endure our sacrifice as a reminder... http://t.co/D92rO9z0"
2013-02-11 16:58:16,A Cleargold Worship dancer (a Day of Dance group) must have surgery. Join a fundraiser to help raise money to pay... http://t.co/Dk8ga70v
2013-02-11 16:53:59,"We are so excited about this year's event and were just thinking about last year's!

What was your favorite part... http://t.co/nATj5q5J"
2013-02-11 15:30:10,25 million men in the United States are affected by male menopause – the natural decrease in testosterone that... http://t.co/Qt2iUvdy
2013-02-08 20:10:06,"Father Knows Best: Charlie Chaplin was still having children when he was in his 70s. In fact, a man can produce... http://t.co/mHgZOMad"
2013-02-08 16:31:51,Managing Manopause http://t.co/NnHH8461
2013-02-08 16:31:46,Managing Manopause - http://t.co/bbtNnXet
2013-02-07 22:19:47,The first 150 St. Francis Spirit of Women members to arrive at Day of Dance will receive a free Get Your Dance On!... http://t.co/AVYg8Q2B
2013-02-07 15:30:37,Spirit of Women http://t.co/weOhQLwa
2013-02-07 15:30:32,Spirit of Women - http://t.co/75XCEIB2
2013-02-06 17:24:23,Did you know that February is National Heart Month? The CDC offers great tips for keeping your heart in great... http://t.co/2n1zGVgm
2013-01-30 18:26:02,“Stifling an urge to dance is bad for your health - it rusts your spirit and your hips.” - Terri Guillemets... http://t.co/51JvbUDb
2013-01-30 18:24:52,“Stifling an urge to dance is bad for your health - it rusts your spirit and your hips.” - Terri Guillemets... http://t.co/yf7gCy1M
2013-01-30 18:23:33,“Stifling an urge to dance is bad for your health - it rusts your spirit and your hips.” - Terri Guillemets... http://t.co/QoiZxMZa
2013-01-29 13:59:08,"Happy Kansas Day!

How will you celebrate? http://t.co/oNrg9kYT"
2013-01-28 19:51:17,How are you enjoying this beautiful day? http://t.co/v05f8ynt
2013-01-25 17:00:03,"Yum! We just flipped through these recipes from Cooking Light magazine, and we're ready for lunch. :) http://t.co/ONT7lNOn"
2013-01-24 22:51:24,We were at today's Chamber of Commerce annual meeting. Were you? http://t.co/i33YWolI
2013-01-23 22:25:54,The CDC has a great graphic to help you eat right when you're out and about. http://t.co/Timu5w3o
2013-01-23 22:22:53,"Woohoo! We hit 1,000 fans today. Welcome, @Katie Mize."
2013-01-22 22:28:15,"Who's going to be our 1,000th fan? We're one away! :)"
2013-01-22 17:15:22,"We love to dance, and we'll be doing so Feb. 23 at Day of Dance! http://t.co/ciJR2RuV"
2013-01-22 14:11:14,"“There are shortcuts to happiness, and dancing is one of them.” - Vicki Baum, Austrian writer

Learn other... http://t.co/RY42YRfT"
2013-01-21 22:44:08,"This interactive map shows that cold and flu symptoms in our area are severe.

Do you have the flu? http://t.co/VUVba3Uz"
2013-01-21 20:59:08,In honor of Martin Luther King Jr. today: http://t.co/52aaQ8jQ
2013-01-17 14:04:23,"Welcome to Juli's Coffee and Bistro, our newest Spirit of Women partner! Spirit of Women members receive $2 off... http://t.co/lpOMrCOf"
2013-01-16 22:11:37,Looking for a creative outlet? Check out Paint Therapy Uncorked's Martin Luther King's Open Paint Session next... http://t.co/bSsOAecd
2013-01-14 21:55:59,Get Your Dance On! - http://t.co/m0cNLUKQ
2013-01-14 19:21:43,Get Your Dance On with St. Francis Health Center at our 2nd Annual Day of Dance Feb. 23 in the Sunflower Ballroom... http://t.co/Geyvci2q
2013-01-14 19:21:39,Spirit of Women - http://t.co/RJM7eD2k
2013-01-14 14:28:12,"Dancing is good for body and mind. When we dance, our mind rests; there is no room for thought when we are... http://t.co/2o1d0EEK"
2013-01-11 18:43:53,Haven't gotten your flu vaccine? It isn't too late. Make sure you keep these tips in mind to protect you and your... http://t.co/XzMdlVwR
2013-01-11 15:30:11,Just posted a photo @ St. Francis Health Center http://t.co/wG6xfRm3
2013-01-10 17:11:38,"The benefits of dancing are endless. It can help you lose weight, strengthen and tone your body, increase stamina... http://t.co/AywF7kdP"
2013-01-09 18:37:21,The St. Francis Health Center Facebook page should feature more __________________________________. http://t.co/XphpG3Og
2013-01-08 22:31:06,Ready to get back to routine? So are we! Here are some tips. http://t.co/4I36dXWK
2013-01-07 16:56:41,Do you Go Red for Women? Share it on your Facebook timeline with pride! http://t.co/bpJcj49X
2013-01-04 21:35:01,Have any of those resolutions stuck yet? Here are few more healthy tips!... http://t.co/RCvvaSEq
2013-01-03 17:17:16,http://t.co/h8rkVUaS
2013-01-03 14:34:23,Looking for simple ways to make healthy food choices? http://t.co/cQDyGBGj
2013-01-02 16:21:04,"It's now Jan. 2, and you're probably back to work after a four-day weekend. What resolutions did you make? Are... http://t.co/PqrD0g8u"
2013-01-02 00:56:12,"Happy birthday to Diego, Topeka's first baby of 2013, born at St. Francis Health Center! Welcome to the world. http://t.co/JIGOLuWi"
2013-01-01 22:10:03,Congratulations to Audrey Chamberlain and Esteban Santiago on the birth of their first child!  Diego Alexander... http://t.co/8OIYa8qA
2012-12-25 16:20:05,"May you have a blessed and merry Christmas.

— From your friends and family at St. Francis Health Center http://t.co/VjVbZ7zk"
2012-12-21 18:41:58,Are you feeling down this holiday season? Know you're not alone. Some people find this season downright... http://t.co/CCHlCYaL
2012-12-20 22:10:04,It's not too late to avoid gaining those holiday pounds! Read these sneaky tips to keep them off:... http://t.co/JdcCFADQ
2012-12-19 20:30:06,St. Francis Health Center celebrates its values every day. How do you show Caring Spirit? http://t.co/hHDvUPWz
2012-12-17 13:38:38,Our hearts and prayers are with the Topeka Police Department and the fallen officers' friends and families. http://t.co/0YNj9aSk
2012-12-14 19:11:06,"Our prayers are with the victims and families of the terrible tragedy in Newton, Conn."
2012-12-13 21:09:20,Yum! Chicken and Couscous Salad for dinner. What are you making tonight? http://t.co/GhrESGD4
2012-12-12 16:26:39,"It's the holiday season. A time to be cheerful, right? Why are we all so stressed? Take a moment to read this... http://t.co/zK6w1jJE"
2012-12-11 18:30:43,Looking for a great tool to help you lose weight? A recent study shows that weight loss apps on your smartphone... http://t.co/yfCEy4Yr
2012-12-10 19:17:55,Santa and his elves are getting fit for the big night coming up! What muscles do you think need the most work? http://t.co/e4H6jdDJ
2012-12-07 14:16:33,"We're proud sponsors of the Go Red For Women - American Heart Association's luncheon today.

Will you be there... http://t.co/XAIYtf7X"
2012-12-06 20:51:51,"St. Francis associates live out our Mission, Vision and Core Values outside the work setting!  
Just one... http://t.co/LxFtRzYg"
2012-12-04 15:12:38,"If you haven't received your flu shot, now's the time! It's National Influenza Vaccination Week. And we've been... http://t.co/HM8qrBn6"
2012-12-03 20:19:15,"It's National Handwashing Awareness Week!  Help spread the word, not the germs!

The 4 Principles of Hand... http://t.co/hAlvz2V0"
2012-12-03 20:17:39,"It's Natioinal Handwashing Awareness Week!  Help spread the word, not the germs!

The 4 Principles of Hand... http://t.co/milopo4b"
2012-12-03 18:28:28,First Week of Advent http://t.co/QDJzn292
2012-11-30 18:12:09,"I posted 159 photos on Facebook in the album ""Spirit Girls' Night Out event"" http://t.co/V0vxqVbx"
2012-11-29 21:57:34,Will you be baking this holiday season? Bake your faves without feeling so guilty this year with Cooking Light's... http://t.co/YJ1rwcYL
2012-11-28 23:07:45,"How sweet!

Would you jump at the chance too? http://t.co/YjhslJhJ"
2012-11-22 17:48:16,"""Let us be grateful to people who make us happy; they are the charming gardeners who make our souls blossom."" 
—... http://t.co/a61oOkVX"
2012-11-20 02:34:18,Unemployed? Be sure to schedule an appointment with your physician. A new study links joblessness with heart... http://t.co/h35v9aDO
2012-11-16 22:15:45,What are you thankful for this season? http://t.co/wJsUp9Df
2012-11-15 21:10:43,"There are many reasons to stop lighting up. In the end, the main reason for quitting must be based on YOUR choice... http://t.co/JCfMEDkP"
2012-11-14 19:09:36,Today is World Diabetes Day. Do you have loved ones with diabetes? How much do you know about it? http://t.co/YYNpQdoS
2012-11-12 00:00:33,Did you attend last night's Caritas Ball? See if you were Spotted!... http://t.co/08Z4FsUq
2012-11-09 21:48:31,Will this Nov. 15 be the year you quit? http://t.co/95lSKgnQ
2012-11-08 18:18:30,"Make your everyday tasks, favorite activities and much-loved sports possible again! Learn how at our Life's Not a... http://t.co/iyZ6pRYX"
2012-11-01 20:57:52,"Congratulations to Ron Jones, who is the winner of a Kindle Fire from the Greater Topeka Chamber of Commerce/GO... http://t.co/46guq7nq"
2012-11-01 16:19:41,"Today, St. Francis marks a moment in history as we go live on our electronic medical record. We may take a little... http://t.co/Y8QkbGrF"
2012-10-30 14:39:29,Join us today at Greater Topeka Chamber of Commerce/GO Topeka's 2012 Business to Business Expo at the Ramada... http://t.co/9b8ZLDkp
2012-10-29 17:29:03,"Whenever you buy balloon at Walmart, your dollars stay local Children's Miracle Network Hospitals for big things... http://t.co/NNvetCpf"
2012-10-26 21:04:03,"I posted 17 photos on Facebook in the album ""We're focused on providing Innovative Care with a Soul"" http://t.co/cbjEmgCt"
2012-10-25 13:35:42,Thanks to WIBW and Kansas First News for sharing in the blessing of our newly renovated NICU yesterday. This is a... http://t.co/wF6I7htf
2012-10-24 20:56:12,Official Sherry Johnston Fan Site - Biggest Loser Season 9 will be at the Holiday Inn Holidome at 6:30 p.m.... http://t.co/UFVSZvc9
2012-10-23 15:53:45,Are you experiencing a lack of energy and frequent breathlessness? Don’t accept these symptoms as a natural part... http://t.co/qbyLKShq
2012-10-22 20:33:21,"Blue Cross Blue Shield of Kansas members, we're happy to share some good news with you:... http://t.co/K1rMmZOe"
2012-10-19 15:29:17,"Have you checked out Paint Therapy Uncorked yet? It's good for your mind and soul, and they're one of our Spirit... http://t.co/mGXQJMhE"
2012-10-18 15:41:03,"St. Francis Health Center was recently named a Top Performer on Key Quality Measures by The Joint Commission, the... http://t.co/Bv40b7bi"
2012-10-10 17:31:44,"This afternoon, we're celebrating our recent Joint Commission successes with a reception. For the second... http://t.co/foLNZxeh"
2012-10-10 17:30:50,"This afternoon, we're celebrating our recent Joint Commission successes with a reception. For the second... http://t.co/iV54gaNe"
2012-10-09 18:56:28,Like + Share in honor of Breast Cancer Awareness Month. http://t.co/T1CPRWPJ
2012-10-08 20:55:59,Go Pink for Breast Cancer Awareness Month! http://t.co/WnJu4SOh
2012-10-05 21:13:15,Were you Spotted at Spirit Girls' Night Out last night? Check these out! http://t.co/6O7txO6T
2012-10-05 11:18:15,"I posted 69 photos on Facebook in the album ""Spirit Girls' Night Out pink carpet arrivals"" http://t.co/kUTVAwBT"
2012-10-04 14:49:19,"Did you forget to register for tonight's Spirit Girls' Night Out? We'll take registrations at the door, so don't... http://t.co/8syS6Mcn"
2012-10-02 16:18:09,"Hey ladies,

What are you doing Thursday evening? Come on out and have some Saints Sangria and get a flu shot!... http://t.co/9YINwvQs"
2012-10-02 16:16:42,"Hey ladies,

What you doing Thursday evening? Come on out and have some Saints Sangria and get a flu shot! :)... http://t.co/orNOPDFG"
2012-10-02 16:10:50,"Hey ladies,

What are you doing Thursday evening? Want to have some Saints Sangria and get a flu shot? :)... http://t.co/cBourQLr"
2012-10-01 21:29:49,"Living with Cancer is to help those struggling with nutrition and eating during cancer treatments.

Pass it along... http://t.co/lKCu7gAx"
2012-09-28 14:00:05,"The Best Version of You

Work those curves! The American Heart Association recommends five 30-minute sessions... http://t.co/5W2JBdPR"
2012-09-27 18:44:19,http://t.co/189TeuMc
2012-09-24 15:40:02,"Love the Skin You’re In!

It’s important to love yourself inside and out, so grab some girlfriends and come to... http://t.co/HCU38QOy"
2012-09-21 19:28:51,It's amazing what surgeons can do minimally invasive now. Dr. Carlyle Dunshee recently performed the first... http://t.co/YtQk1ZVI
2012-09-21 16:44:39,St. Francis First to Perform Single-Incision Gallbladder Removal in Topeka Area http://t.co/GiowSG2g
2012-09-21 16:42:02,St. Francis Earns ‘Top Performer on Key Quality Measures™’ Recognition from The Joint Commission http://t.co/EL0uxboD
2012-09-20 19:20:03,"It’s Only a Number…

When we look good, we feel good. A positive body image is not about the number on your... http://t.co/GAtThjcw"
2012-09-19 20:33:47,We're one of the 620 hospitals! Woohoo! http://t.co/UD2IvSIH
2012-09-19 20:22:25,HURRAY! We’re proud to announce we’ve been recognized as a Top Performer! The Joint Commission’s Top Performers... http://t.co/KlX2xLQM
2012-09-18 18:19:54,St. Francis Health Center invites you to our inaugural Spirit Girls' Night Out. http://t.co/eiA86iep
2012-09-18 18:19:50,Spirit of Women - http://t.co/Vrmft5o0
2012-09-17 14:35:56,Have you received your fall issue of Live Well magazine? http://t.co/dgss2qe1 http://t.co/qJO9ECOm
2012-09-14 18:30:02,"Girls Just Wanna Have Fun

Want to have fun AND learn tips for a long, vibrant and dazzling life?

Grab your... http://t.co/nxUJbdv5"
2012-09-13 21:37:39,"St. Francis Health Center receives Advanced Certification for Primary Stroke Centers, Stroke Rehabilitation from... http://t.co/EfEmgtvr"
2012-09-12 20:30:12,"St. Francis Health Center is a proud sponsor of the Race Against Breast Cancer.

Are you participating in the 5K... http://t.co/JZ1ByDso"
2012-09-11 19:18:08,Today we take time to remember so we never forget. http://t.co/nFUNf63u
2012-09-11 12:10:03,"Make Your Health a Priority

Health education and screenings play an important role in living a long and... http://t.co/l3hR8nrM"
2012-09-10 16:30:04,This week we celebrate National Environmental Services and Housekeeping Week. Please join us as we set aside a... http://t.co/tjW3bw2n
2012-09-09 14:10:02,"Today is National Grandparents Day, which was founded for the purpose of enhancing the bond of love between... http://t.co/ocwvBTKK"
2012-09-06 18:20:02,September is National Cholesterol Education Month. Is yours too high? Maybe it's time to get it checked.... http://t.co/FwpXAtyT
2012-09-05 15:40:49,What will you be doing Saturday? Why not receive free screenings for your health? http://t.co/xdeYa6tL
2012-09-04 19:30:02,"Mirror, Mirror on the Wall

According to a Glamour Magazine survey of 16,000 women, approximately 40% of those... http://t.co/HzIs400V"
2012-08-31 18:02:14,Pretty! RAISE AWARENESS by Essie. http://t.co/1gRLa4jj
2012-08-31 18:01:04,Awesome! Raise awareness and look cute at the same time. :) http://t.co/yitamhRD
2012-08-30 13:53:07,"Washburn University kicks off its football season tonight. Here are some tips for a healthy tailgate.

Will you... http://t.co/dB1CYqYk"
2012-08-28 20:29:24,St. Francis Health Center to Offer Potentially Lifesaving Cardiovascular Screenings http://t.co/juxGJPZg
2012-08-27 16:12:46,"Do you know your numbers? If you're at risk for PAD, be sure you know your blood pressure, cholesterol and blood... http://t.co/uDYSrwNv"
2012-08-26 16:24:03,"Thank you, Topeka, for voting our doctors the Best of Topeka. We agree.... http://t.co/efLPKkT9"
2012-08-24 18:22:57,What a great idea. http://t.co/n8ckJB7F
2012-08-23 17:53:12,"In a move to encourage diners to eat healthier, Boston Market removed the salt shakers from the tables.

Do you... http://t.co/xnWkbweX"
2012-08-22 18:52:13,A report shows that heart attacks lead to anxiety and depression of the partner. Anyone with a family member who... http://t.co/a1BppwJX
2012-08-21 21:27:58,"As women, we so often forget to care for ourselves. Are you a priority in your life? http://t.co/g4sjVLCK"
2012-08-21 17:49:54,"OK, school has started again and everyone's switching to a new routine. How do you keep up with your fitness,... http://t.co/Knrhp6D6"
2012-08-20 20:01:41,Do you know what P.A.D. is? It occurs when arteries in the legs become narrowed or clogged with plaque... http://t.co/CsSkt2vw
2012-08-17 14:57:32,"This weekend, take some time to relax, unwind and start next week fresh.

With the forecast predicting beautiful... http://t.co/uuN8Hyzt"
2012-08-16 22:15:15,Tune in to Kansas First News now to see St. Francis Health Center Foundation's Kara White talk with Nate Hill... http://t.co/tQ1bb0f5
2012-08-16 13:51:43,"Welcome, nurses to be, to a career of giving to others! Good luck to you as you embark on your new path. http://t.co/PrhaE3Hm"
2012-08-15 19:20:03,Read about the 5 questions docs say could save your life in the latest issue of Spirit magazine.... http://t.co/J5KIgede
2012-08-14 16:59:54,"Thanks to Kansas First News for sharing the story of our NICU renovation.

Take a look at one family's story:... http://t.co/jSAFmtPR"
2012-08-14 07:40:06,The key to healthy aging is a healthy lifestyle. St. Francis Health Center will help you learn how small steps... http://t.co/iJWj8Kex
2012-08-13 14:37:47,Introducing Spirit of Women members program. Sign up for our newsletter on the Facebook tab! http://t.co/pDq16hoa
2012-08-13 14:37:42,Introducing Spirit of Women members program - http://t.co/pX9uEeXR
2012-08-13 12:47:34,"As athletes head back to school and practice, Dr. Michael Messmer reminds parents and coaches to watch for heat... http://t.co/W3uf0Iw8"
2012-08-10 16:35:21,"Have you become a Spirit of Women member yet?
http://t.co/PdIXVK6H http://t.co/9I7ih8WR"
2012-08-09 21:06:49,We will have a pink fire engine at one of our upcoming events! We are pretty excited about it. Stay tuned ... http://t.co/wlLag3QS
2012-08-09 19:30:03,St. Francis Health Center believes that embracing our age allows us to glow from the inside out. Not allowing age... http://t.co/Nrup0wnL
2012-08-09 15:24:24,Introducing Spirit of Women members program - http://t.co/lAUMuyxo
2012-08-08 12:53:06,St. Francis Health Center participates in Get With The Guidelines-Stroke program to improve stroke care http://t.co/OEAgHpFy
2012-08-07 23:26:30,Introducing Spirit of Women members program http://t.co/As6av1Z4
2012-08-07 20:42:34,St. Francis Health Center spills secrets on how to live to 100 and beyond http://t.co/mbMPJrne
2012-08-07 18:31:12,Tallgrass general surgeons integrate with St. Francis Health Center http://t.co/cmJ8qNFb
2012-08-06 19:20:04,“The current growth in the number and proportion of older adults living in the United States is unprecedented in... http://t.co/P5C1pFzx
2012-08-05 14:20:06,"Today is National Kid's Day, an opportunity to celebrate childhood; to demonstrate our commitment to nurturing... http://t.co/13cy5Jps"
2012-08-03 19:04:51,"Join one of our Spirit partners, The Hub, this evening at First Friday with featured artist iamthemandy. Bring... http://t.co/4w81frWs"
2012-08-03 13:32:55,"In case you missed it, here's our first e-blast to our Spirit of Women members. Sign up while it's still free at... http://t.co/ud1vuQIH"
2012-08-02 16:41:04,"St. Francis Health Center is excited to welcome St. Francis General, Vascular &amp; Bariatric Surgery at Tallgrass as... http://t.co/AL38vg5o"
2012-08-01 18:24:09,Welcome to Spirit of Women - http://t.co/ff2n4R6E
2012-08-01 15:20:04,Today is National Girlfriends Day! Celebrate your friendships and do something fun—and throw some health in there... http://t.co/BFqBEQDL
2012-07-31 21:06:49,"Smile! Research shows it's good for your health.

Have YOU smiled today? http://t.co/PnUQcRFy"
2012-07-25 14:41:46,"One of the many great perks of becoming a Spirit of Women member is a 20% discount to Boutique ten47, 1047 SW... http://t.co/N8JqKGKM"
2012-07-24 17:52:02,We are now offering Spirit of Women memberships! Save at local retailers and receive invitations to members-only... http://t.co/FHGCLpBw
2012-07-23 15:27:26,"Congratulations to Shannon, Joyce, Sherri, Yolanda, Emily, Stephanie and Maureen for winning purses at this... http://t.co/h1vbf9mf"
2012-07-22 16:27:38,Willie the Wildcat just registered to win a purse! We'll be at Ag Hall at Women's Day Out until 3 today signing up... http://t.co/0FXp2vme
2012-07-21 20:03:53,"Check out the great purses we're giving away: DKNY, Badgley Mischka, Michael Kors and more! Don't miss your chance... http://t.co/tbT43mWa"
2012-07-21 19:42:59,We have lots of women registered to win great purses today! You still have a couple of hours left to get your... http://t.co/S2PXtxUz
2012-07-20 17:49:36,Our thoughts and prayers go out to those in Colorado who were impacted by the tragedy this morning in Aurora.
2012-07-19 16:42:10,We'll be at Women's Day Out this weekend giving away ... PURSES! We'll also be asking you about your... http://t.co/6jL0DqQD
2012-07-18 20:24:37,"Has your heart ever missed a beat? Learn more about arrhythmia at tonight's Wellness Wednesday, ""Don't Miss a Beat."" http://t.co/4fLlmVeE"
2012-07-17 20:53:35,"We are learning all about being focused today. What's your focus? Our sample was: Family, friends, fun and this... http://t.co/T7O49aWw"
2012-07-16 13:23:31,Whew. We feel re-energized after our week at the Spirit of Women national executive meeting last week. What a... http://t.co/p6bM7lyv
2012-07-05 13:16:12,"Yum! This looks like a delicious summer salad.

What will you add to yours to make it your own? We might swap the... http://t.co/pJNDWrUU"
2012-07-04 14:39:17,Have a happy and safe Independence Day today!
2012-07-02 17:27:20,Stay safe this week (and summer) in this oppressive heat. Visit the St. Francis Health Information Center for... http://t.co/1fhDC5wS
2012-06-28 21:04:15,How are you feeling about your general wellness? Do you have career burnout? How about your emotional health? Take... http://t.co/YTuczIQ8
2012-06-26 18:37:12,"Congratulations to our nominees at the United Way of Greater Topeka VAL awards! Jim Brewer, Becky Wessel and Ed... http://t.co/HGXuohWv"
2012-06-25 13:54:23,"St. Francis Health Center was named as a ""Stroke Ready Hospital"" by the American Heart Association. Do you know... http://t.co/2txaBNRi"
2012-06-22 19:41:27,Questions about cancer? Visit the online A.D.A.M. Cancer Center for all your answers.... http://t.co/43fRWPI3
2012-06-21 20:53:43,"St. Francis Health Center is proud to partner with Spirit of Women, which recently joined forces with the Larry... http://t.co/8b9TYtph"
2012-06-21 14:17:40,St. Francis Health Center Considered 'Stroke Ready' http://t.co/eptTWjBU
2012-06-20 22:02:57,St. Francis Health Center Promotes Home Safety by Tapping into Community's 'Weekend Warrior' http://t.co/VRiZ20GV
2012-06-20 17:18:42,"We have now passed the 700 ""likes"" mark. Can you help us get to 800?"
2012-06-20 16:08:43,"Don't miss out on tonight's Weekend Warrior Wisdom program. Our speaker, Konnie Kyle, is a lot of fun!... http://t.co/IiyksHFL"
2012-06-19 16:33:21,"Looking for a healthy, new salad to try? Pureed berries give the tangy wine vinegar dressing a creamy texture... http://t.co/Ug8VPdAS"
2012-06-17 17:32:05,St. Francis Health Center was proud to sponsor the 32nd Annual Topeka Tinman. Thanks to everyone who participated... http://t.co/TUrs7iHn
2012-06-15 16:29:13,Don't forget about the St. Francis Health Center Topeka Tinman tomorrow at Lake Shawnee. Remember to stay... http://t.co/Vtw17OFd
2012-06-14 18:29:37,A dream became reality today as the Sue Days Cancer Resource Center opened to the public. Sue Days lost her... http://t.co/qK7Gw7sU
2012-06-13 19:07:30,The Shawnee County Health Agency is urging residents to get vaccinated for whooping cough because many northeast... http://t.co/V6sXRPi5
2012-06-12 20:05:04,Do you know when you should have your next checkup? Enter your age group into the A.D.A.M. My Checkups tool to... http://t.co/qCuAVY0M
2012-06-11 20:37:03,Are home repairs on your list this summer? Learn how to stay safe during Home Safety Month and our Weekend... http://t.co/C309hKsC
2012-06-08 16:43:13,Do you know what your risk factors for heart disease are? St. Francis has health care providers who are trained... http://t.co/cOFXqgpO
2012-06-07 15:44:21,Did you know we have several wellness centers on our website? Check out the women's center for in-depth... http://t.co/V1yi1Gzj
2012-06-06 19:56:36,Studies have shown that losing just 5% or more of your body weight can reduce your risk for the most common... http://t.co/8g0c2Pah
2012-06-06 16:07:35,SCL Health System contributes $220.5 million to benefit community in 2011 http://t.co/9jQ0e3j1
2012-06-06 16:04:13,Have you made the decision to be an organ donor? Watch this story about a Washburn University football player who... http://t.co/gaRNT63t
2012-06-05 21:44:56,Disney announced it is taking junk food advertising off its children's programming. Do you think this will help... http://t.co/2DgSXhXq
2012-06-04 18:36:45,DaVita Acquires Kansas Dialysis Services http://t.co/jznjf1Uz
2012-06-01 14:26:13,"Did you receive your issue of Live Well magazine? If not, check it out here:... http://t.co/1WUXjOtu"
2012-05-31 20:36:51,"New York's mayor is proposing a ban on large drinks throughout the city.

Do you think a ban like that would work... http://t.co/h9tKEsU0"
2012-05-30 13:42:26,Do you have PAD? Do you know what it is? Learn more about it and get screened for it this Saturday in Lawrence.... http://t.co/8Pwt6i0O
2012-05-29 14:09:28,Are you looking for an exercise or new baby class? Pick up Sunday's newspaper or check out the events calendar on... http://t.co/Q60s6Y2W
2012-05-25 18:51:47,Have you ever hurt your Iliotibial band? What is it? Dr. Michael Messmer will tell you all about it on his Unwind... http://t.co/EOOcS2RP
2012-05-24 19:52:28,RECALL ALERT: Please warn fellow spinach lovers of the recall below. http://t.co/QdweBAZX
2012-05-24 18:05:40,"Cigarette tax in New Zealand aims at a smoke-free country.
What do you think — is that something the U.S. should... http://t.co/HsvzDKWd"
2012-05-23 14:05:30,May is High Blood Pressure Education Month. Do you know how to lower your blood pressure? http://t.co/Psr6zClW
2012-05-22 14:18:07,"A new study links sleep apnea with cancer, another reason to see your doctor if you think you or your partner has... http://t.co/9xBfnGYY"
2012-05-21 19:18:21,"Several convenience stores are joining together to cut salt intake in the community.

What do you think? http://t.co/A9ewdFZm"
2012-05-18 19:47:23,Looking for great health information at your fingertips? Check out the National Stroke Association's Virtual... http://t.co/MPmMiM8N
2012-05-17 20:55:32,"A new study shows that healthy food isn't more expensive than junk food.

Are you surprised?... http://t.co/dIfggY5L"
2012-05-17 12:58:52,"Have another cup! A new study of more than 400,000 people links coffee to a longer life.

Are you a coffee drinker? http://t.co/6dIkMAiV"
2012-05-16 13:36:16,Congratulations to the newest nurses! We welcome you to the world of medicine. http://t.co/1AjZaEF2
2012-05-15 13:56:50,Have hip pain? Join us tomorrow for Wellness Wednesday. http://t.co/nTIZuogM
2012-05-14 14:46:28,Congratulations to all the new nurses! Best of luck to you. http://t.co/ISw767pC
2012-05-11 15:25:50,"Welcome, Sandy Pearson, our new regional director of Health Information Management... http://t.co/AqyzJvNb"
2012-05-10 13:21:26,"A recent study shows that 66% of us have nomophobia — the fear of being separated from our cell phones.

Do you... http://t.co/qY3Fr8fa"
2012-05-09 21:32:10,St. Francis teaches community how to shake their hips toward better bone health http://t.co/Cdtu8mBc
2012-05-09 12:38:03,Thanks to The Topeka Capital-Journal for sharing our exciting news!... http://t.co/hB6NT2ja
2012-05-08 13:54:45,St. Francis Health Center Joins National HeartCaring Program to Improve Topeka-Area Cardiovascular Care http://t.co/xIxYsce5
2012-05-07 15:49:23,"This week is National Hospital Week, a time for us to thank our associates for everything they do 24/7/365.

How... http://t.co/zgFKNz7i"
2012-05-04 15:26:38,Do you need surgery but have been putting it off? Delaying surgical repair can increase the likelihood that your... http://t.co/Y7Cotcj3
2012-05-03 12:13:01,"I posted 44 photos on Facebook in the album ""Day of Dance"" http://t.co/1WpyJFpN"
2012-05-03 12:03:23,"I posted 36 photos on Facebook in the album ""Day of Dance - Make the Call, Don't Miss a Beat"" http://t.co/EHxVBcvv"
2012-05-03 11:57:36,"I posted 13 photos on Facebook in the album ""Day of Dance - Electric Slide"" http://t.co/zJUhHoH4"
2012-05-03 11:53:52,"I posted 22 photos on Facebook in the album ""Day of Dance - Baila Fitness Studio"" http://t.co/qVdLqUmI"
2012-05-03 11:50:27,"I posted 6 photos on Facebook in the album ""Day of Dance - Fuzion School of Dance"" http://t.co/DWn6BCMm"
2012-05-03 11:48:05,"I posted 5 photos on Facebook in the album ""Day of Dance - In Step Dance"" http://t.co/Im9H3u8H"
2012-05-03 11:45:46,"I posted 3 photos on Facebook in the album ""Day of Dance - Cleargold"" http://t.co/6dFgp3Lj"
2012-05-03 11:40:13,"I posted 22 photos on Facebook in the album ""Day of Dance - Club Z Style Fitness"" http://t.co/qP0xvNWH"
2012-05-03 11:35:36,"I posted 6 photos on Facebook in the album ""Day of Dance - The Dance Factory"" http://t.co/MRWR1dwh"
2012-05-02 14:41:29,"Would you like to feel All Right Now? When bracing, medications and injections are not helping your painful... http://t.co/QMI46vnh"
2012-05-01 14:31:00,"When pain in your joints is preventing you from regular, daily living, surgery may be the solution you need.... http://t.co/6L2tH5C3"
2012-04-30 14:32:05,"St. Francis Health Center Invites Community to Solve their Shoulder, Hip and Knee Pain http://t.co/9H6Q0FSa"
2012-04-30 13:36:58,"Thank you to Lauren Seabrook, Tom Hagen and our media sponsor Kansas First News for helping make Day of Dance a... http://t.co/ws2tBDd2"
2012-04-30 13:34:14,Thanks to Baila Fitness Studio for coming out to Day of Dance Saturday! We had a great time learning Zumba with them. http://t.co/YodxC8Ha
2012-04-29 16:48:05,Thank you to everyone who joined us yesterday at our first Day of Dance. We had a great time! Watch our Facebook page for photos.
2012-04-27 14:36:45,We have just over 24 hours til Day of Dance tomorrow? We are so excited! Are you? You can sign up until midnight... http://t.co/JL3ycuOI
2012-04-25 17:45:45,"Ladies, it's almost summertime. What does that mean? Swimsuits! If you groan at even the thought of trying them... http://t.co/EeOP0QLd"
2012-04-25 16:16:47,"We are excited to be part of such a prestigious organization!

For the first time, Spirit of Women will be... http://t.co/kP2vthJp"
2012-04-24 17:48:40,Have you checked out the newest issue of Spirit of Women magazine yet? Our own Dr. Michael Messmer is featured on... http://t.co/rp9EJ9q0
2012-04-24 13:08:03,How do YOU get your little ones to eat veggies? We'd love to hear your tricks! http://t.co/wGDhRKkz
2012-04-23 15:37:29,St. Francis Health Center Brings National ‘Day of Dance for Your Health’ to Topeka http://t.co/wTl1BpMG
2012-04-20 21:09:52,"St. Francis Health Center is a proud sponsor of tomorrow's Couture for Cancer.

Will you be there? http://t.co/2yIcL6ga"
2012-04-19 22:21:41,"Angie Bachelor, APRN, did an AWESOME job this morning talking about next week's Day of Dance!

Will you be there... http://t.co/1JrDWJ3h"
2012-04-19 17:23:29,St. Francis Health Center is hosting its inaugural Day of Dance event! Join us April 28 at 10 a.m. at Washburn... http://t.co/hEHb6GSi
2012-04-18 15:07:25,"If you're happy and you know ... SMILE!

What makes you smile? http://t.co/S5NVaxnY"
2012-04-17 22:40:42,It’s normal for children to fear anxiety about their doctor visit. Here are children’s top fears when visiting... http://t.co/LwMMsyfM
2012-04-17 18:18:32,Dreading the next checkup with your kiddo? Bring 'em along to tomorrow night's Wellness Wednesday and learn what a... http://t.co/Ggo6R3KM
2012-04-17 18:17:28,Dreading the next checkup with your kiddo? Bring 'em along to tomorrow night's Wellness Wednesday and learn what... http://t.co/vx6KY3LJ
2012-04-16 13:57:47,St. Francis Health Center is one of more than 75 hospitals hosting a Day of Dance event this year. Don’t miss this... http://t.co/hreWH0DQ
2012-04-13 13:23:04,"Have a hectic week? Read about some great ways to reduce stress.

How will you relax this weekend? http://t.co/UvsUCEqv"
2012-04-12 12:28:18,"Summer starts in a couple of months. If you have a healthy weight or fitness goal you want to reach before then,... http://t.co/QRyMarbH"
2012-04-11 12:44:47,Don’t miss Day of Dance 2012 and your chance to get FREE health screenings. Don’t need screenings? You do if you... http://t.co/jLXNmME2
2012-04-10 19:26:06,Have high blood pressure? Eat some raisins (or seven of these other great foods that can lower it)! http://t.co/D229tmnI
2012-04-09 19:58:27,Have you seen those funny shoes people have been wearing? Dr. Messmer tells you whether they're good for your... http://t.co/2QWZzFop
2012-04-06 14:02:59,"We hope you have a blessed Easter weekend with your family and friends.

What are your Easter traditions? http://t.co/CER28AyO"
2012-04-05 20:25:47,Have you registered for Day of Dance yet? You'll receive free health screenings and a great gift if you sign up... http://t.co/qAmRkWZk
2012-04-04 21:03:21,Hey moms: Have you ever worried about your child having a concussion? Read our doctor's blog about concussions.... http://t.co/8LCE2zb3
2012-04-04 21:01:57,Hey moms: Have you ever worried about your child having a concussion? Read our doctor's blog about concussions.... http://t.co/HVrDS7IY
2012-04-04 21:00:18,Hey moms — have you ever worried about your child having a concussion? Read our doctor's blog about concussions... http://t.co/lTqSdG3J
2012-04-03 17:03:53,St. Francis Health Center Calms Children's Fear of Doctor Visit with National Initiative http://t.co/YnoQV9Zj
2012-04-02 15:56:43,"We are excited to announce our partnership with Spirit of Women, an elite coalition of hospitals and health care... http://t.co/SUfDjigS"
2012-04-02 15:54:16,"We are excited to announce our partnership with Spirit of Women, an elite coalition of hospitals and health care... http://t.co/ITkLIpT8"
2012-03-30 14:48:02,"Today is Doctors Day! We're honoring our docs with a special breakfast.

What are you doing to thank the... http://t.co/HgupjDAX"
2012-03-29 20:49:41,"What will you be doing Saturday, April 28? We'll be dancing!
http://t.co/871saHy9 http://t.co/kw0UNZ3o"
2012-03-28 12:40:34,A new study shows that people who eat chocolate more often tend to be slimmer than others. But don't go crazy!... http://t.co/wu3qS3IU
2012-03-27 16:45:57,It’s Diabetes Alert Day. How much do you know about diabetes? Find out more:... http://t.co/QM2ASu4Z
2012-03-26 16:30:58,"The weather today and over the weekend was beautiful, but meteorologists say you should enjoy it while it lasts... http://t.co/MVTzr4tT"
2012-03-22 21:22:36,Are your allergies bothering you this spring? The St. Francis Health Information Center can help!... http://t.co/g0C22FGE
2012-03-22 21:21:43,Are your allergies bothering you already? The St. Francis Health Information can help!... http://t.co/1U9jM4tD
2012-03-22 14:32:48,Are you already feeling the effects of seasonal allergies? The mild winter and recent drought could be to blame:... http://t.co/KguwoH5c
2012-03-21 13:43:06,We know that regular exercise increases the formation of new brain cells and strengthens the portion of your... http://t.co/Z9i4o3U5
2012-03-20 14:02:52,Try something new to sharpen your mental concentration. An active brain slows the mental declination that comes... http://t.co/4gshZJNQ
2012-03-19 21:19:50,"If you've ever visited St. Francis Health Center's Java City, you've likely met Aura, our every-smiling barista.... http://t.co/iWTYJJyJ"
2012-03-19 21:11:44,"I posted 8 photos on Facebook in the album ""da Vinci surgical robot"" http://t.co/uWZozydg"
2012-03-19 14:10:41,In-season produce reaps the most nutritional value. Here's what to look forward to with the coming of spring:... http://t.co/nyy15Aj3
2012-03-16 16:35:59,"Many of you will be on spring break next week.

How will you spend your time off? http://t.co/ZUv5m1mV"
2012-03-15 21:32:32,"St. Francis Health Center is proud to be a sponsor of the Run for Ronald 5K Walk and Run.

Will you be there? http://t.co/5ncq4zdD"
2012-03-15 15:46:03,"A study recently linked sleep deprivation with consuming more calories.

Ever find yourself eating more when... http://t.co/zDHr35dQ"
2012-03-14 18:10:29,"Happy Pi(e) Day!

Which pie will you make to celebrate? http://t.co/1FSD8yyL"
2012-03-13 23:13:57,"Stressed? Maybe your pet can help. They live in the moment, show love openly and don’t hold a grudge!

What does... http://t.co/bvmYN9KN"
2012-03-13 14:47:58,St. Francis Health Center promotes national call to action aimed at keeping brain health top of mind http://t.co/FrBIjS5E
2012-03-12 14:28:45,"Last week Topeka was voted among the “Top Ten Cities for the Next Decade.”

What are you doing to prevent (or get... http://t.co/HCDiUhql"
2012-03-09 13:37:41,It’s National Nutrition Month. Five food groups are the building blocks of a healthy diet. Check them out at... http://t.co/YDzQH2h2
2012-03-08 16:32:00,Want an all-natural way to better skin? Chowing down on fruits and veggies for 6 weeks can make you more... http://t.co/x3Aj9w6t
2012-03-07 17:08:35,"A study shows that a 20-minute workout can alter your DNA positively.

How often do you squeeze in 20 minutes of... http://t.co/cyuwlBIo"
2012-03-06 16:50:30,March is Colorectal Cancer Awareness Month. Colorectal cancer screening saves lives. If everyone who is 50 years... http://t.co/IjLKblg7
2012-03-05 18:18:59,Do you ever feel like you have too much on your mind? Are you truly worried about it? Learn more about brain... http://t.co/Zs3cdP0O
2012-03-02 18:46:57,"A study shows that chocolate may be good for your heart.

What do you think?... http://t.co/3S1bXXUS"
2012-02-29 21:00:21,"Is spring on your mind today? Our blogger, Dr. Michael Messmer, is thinking about it too.... http://t.co/UpKRi8sf"
2012-02-28 20:19:38,Knee replacement my be a lifesaver for some... http://t.co/meUL5v0h
2012-02-27 17:27:27,"Are you looking for a support group, fitness class or baby education? Look no further! Register — and pay if... http://t.co/mzG5gWon"
2012-02-25 16:55:48,We are still accepting applicants for this groundbreaking clinical trial. Call 785-233-9643 to see if you're a... http://t.co/etMWb29d
2012-02-24 14:42:02,A new study shows that women are less likely than men to get immediate heart attack treatment. One reason is... http://t.co/bAlw6jgT
2012-02-23 14:55:04,"We've encouraged colonoscopies for some time, but a new study provides what independent researchers say is the... http://t.co/PdqpFVRc"
2012-02-21 16:21:55,"Life is busy. Trust us, we know. But don't forget to take care of yourself.

Click ""like"" if you're making small... http://t.co/ZJ7OU7Ft"
2012-02-20 20:27:20,"Here's a great, healthy meal to prepare this President's Day.

How are you celebrating our presidents today? http://t.co/E4E1bhyE"
2012-02-16 22:27:35,Please join us at this great event for a great cause! We'll do a drawing for a spa basket at halftime of the... http://t.co/UlMRMab6
2012-02-16 13:54:16,St. Francis Heart and Vascular Center is one of only 35 locations in the entire U.S. studying this breakthrough... http://t.co/00SCqXmf
2012-02-15 15:28:10,Will you be learning about the DASH diet tonight? We hope to see you there!... http://t.co/lh94gAyv
2012-02-14 19:56:33,"What will you be doing this Saturday? Join us at Washburn as we ""Think Pink."" http://t.co/s105GpaW"
2012-02-14 13:54:37,"Happy Valentine's Day! We love you.

Who do you love? http://t.co/T0NB7s4f"
2012-02-13 20:14:51,Mac and cheese sounds like the perfect comfort food for tonight. And this version is good for you! http://t.co/NUbBSXXv
2012-02-10 15:00:12,"February is American Heart Month. Heart health can be affected by air pollution, but there are steps you can take... http://t.co/TTkVgzgK"
2012-02-09 22:52:18,"Join St. Francis Health Center and Washburn University as we ""Think Pink"" http://t.co/hoTwIgkh"
2012-02-09 21:34:17,"Come to ""Think Pink"" Saturday, February 18 from 1:00 pm to 4:00 pm. Join Washburn University and St. Francis... http://t.co/VlmO39W5"
2012-02-09 17:26:33,"Do you need a little ""DASH"" in your life? Join us next Wednesday and learn how to incorporate this low-sodium... http://t.co/6SaM8UAC"
2012-02-09 17:24:27,"Do you need a little ""DASH"" in your life? Join us next Wednesday and learn how to incorporate this low-sodium... http://t.co/etTN8IH8"
2012-02-08 13:59:22,"Breads and rolls top the list for highest-sodium foods, beating out chips and other processed foods.

Does this... http://t.co/XWthxijc"
2012-02-07 19:01:36,Want to attend a health class? Sign up here! http://t.co/871saHy9 http://t.co/OGrYNlAS
2012-02-06 18:59:46,"As always, last night's Super Bowl showcased a lot of amusing commercials. In this one, Hyundai demonstrated a... http://t.co/LPBGGE62"
2012-02-03 19:32:59,"Did you remember to Wear Red for Women today? Click ""like"" if you donned red today to support the effort to build... http://t.co/d7RfpiX5"
2012-02-02 21:52:41,"Need some light reading? Dr. Michael Messmer, family and sports medicine physician at St. Francis Family Medicine... http://t.co/pWENUrM3"
2012-02-01 21:28:56,Do you need a doctor? We now have one number to help you find the perfect fit for you and your family! Call... http://t.co/7FycAme2
2012-01-10 16:51:06,We welcome Mike Malone as project manager for eSummit org readiness: http://t.co/1rGhwpnD
2011-12-28 17:35:25,St. Francis announces Chest Pain Center accreditation: http://t.co/GJKBpcVQ
2011-12-21 21:35:19,RT @kevinmd: 3 reasons why doctors will miss Steve Jobs http://t.co/VKKdh0QV
2011-12-20 18:48:58,RT @SmokefreeWomen: #DidYouKnow Everyone 6mo of age+ needs #fluvaccine. Find a clinic near u w/ flu vaccine finder: http://t.co/8by0UmD9 ...
2011-12-19 18:45:31,"As we prepare for snow this week, remember to stay heart smart: http://t.co/e54UXjZH"
2011-12-16 22:11:03,Today is National Chocolate-Covered Anything Day (dark chocolate makes it healthier)! What will you dip in chocolate? http://t.co/r6ApFemX
2011-12-15 16:09:02,"A report being released today, using 25 health indicators, says that nearly 1 in 5 children in Kansas lives in poverty. http://t.co/5hudLArC"
2011-12-14 20:39:18,"A recent study found that working moms are happier, healthier than stay-at-home moms. What do you think? http://t.co/YCCfYEwS"
2011-12-13 19:28:50,RT @CDC_Cancer: Think you don't need sun protection in winter? Think again! Easy ways to help prevent #SkinCancer http://t.co/1n2wppZI
2011-12-09 15:36:57,Great healthier options for holiday baking:http://t.co/Nn5XEm8S
2011-12-05 19:54:50,Facing major surgery? Is robotic surgery an option? Find out more about it: http://t.co/kxf2LIjc
2011-12-02 21:55:01,"RT @diabetesfacts: Does working out really speed up your metabolism? Get the facts on the ""afterburn"" effect http://t.co/YZu6V5qY"
2011-12-01 20:34:26,Daisy's visit to @StFrancisTopeka made it on @msnbc. Pretty cool. http://t.co/6iPIzGGL
2011-12-01 18:41:43,RT @GoHealthyPeople: NEW study shows the flu can be fatal in kids with other infections. How are you promoting the flu shot? http://t.co ...
2011-11-29 23:16:42,An orangutan used our CT scanner today: http://t.co/ErzwjPNk
2011-11-29 22:15:49,Have you been sitting all day? Us too! 6 ways to do it healthier: http://t.co/jeV5UEV6
2011-11-28 20:30:27,RT @CDCgov: Expecting?  #Pregnant women can protect their babies and themselves from flu by getting a #flushot.  http://t.co/0A3MroDG
2011-11-28 18:29:17,RT @GoRedForWomen: Need some extra help staying on track during the holidays? #GoRed BetterU program provides weekly support  http://t.c ...
2011-11-24 14:52:19,Happy Thanksgiving to our @twitter and @StFrancisTopeka families. Have a wonderful day!
2011-11-23 00:30:47,We welcome a new regional VP: http://t.co/4ayMU0iG
2011-11-22 20:59:28,RT @diabetesfacts: ~60% of people with #diabetes say holiday season is toughest time for controlling blood sugar. These tips can help ht ...
2011-11-22 18:43:01,Toys to avoid this Christmas. RT @msnbc_health: 10 most dangerous toys this holiday season http://t.co/TDpVcO3a
2011-11-21 19:13:58,"Congrats to Pat Shellenberg, Topeka, who won the $50 Visa gift card from Saturday's free PAD screening. Thanks to everyone who attended!"
2011-11-17 15:48:27,Today is the Great American Smokeout. Will today be the day you kick the habit? #GASO2011
2011-11-17 14:11:51,A new study finds that women are more likely to suffer from 'broke heart syndrome:' http://t.co/pFCm2Vti
2011-11-16 22:53:39,Who knew? RT @goredforwomen: Study: eating 3 kiwis/day linked to lower blood pressure  than 1 apple/day #AHANews2011 http://t.co/pF4VYEMY
2011-11-16 16:50:11,RT @GoRedForWomen: RT @american_heart: Do you think your #dentalhealth has anything to do with your #hearthealth? Join FB chat in 15 min ...
2011-11-15 20:29:23,What do you know about PAD? Learn more and be screened free Saturday: http://t.co/YyZkiErV
2011-11-14 14:46:24,Today is World Diabetes Day. Find resources here: http://t.co/bOfis8JA
2011-11-11 18:33:51,"During this Veterans Day, we pause to remember the sacrifices of those who have served our nation when they were needed. Thank you."
2011-11-10 21:37:50,How's yours? RT @healthfinder: Staying active can help reduce your risk of high blood pressure. http://t.co/av5RecQc. #diabetes
2011-11-09 16:13:01,"Is your baby a rocker? Check out the Rockabye Baby CDs at the Babymoon Boutique, 634 SW Mulvane, Suite 100. You might be jammin' too!"
2011-11-09 14:42:41,Looking for a new primary care physician? We've got a bunch! Find one here: http://t.co/mVR358ei
2011-11-07 19:25:28,RT @PublicHealth: What's your BMI? Use this handy tool from @nih_nhlbi to find out: http://t.co/uinU9pr2
2011-11-04 21:50:52,Tune in to @wibw to watch Dr. Rupp talk about our free prostate cancer screening tomorrow morning!
2011-11-04 18:31:30,"Who knew? RT @clevelandclinic: Research finds ""leatherhead"" helmets often as protective as modern ones. http://t.co/9eYx9hEd"
2011-11-04 13:48:43,RT @SmokefreeWomen: Happy Friday ladies! RT if you pledge to stay #smokefree this weekend. Who's in??
2011-11-02 12:49:22,"Have Halloween candy? Yes, it can be healthy! Check it out: RT @webmd: Slideshow: The History of #Chocolate. http://t.co/kVHH7dHs"
2011-11-01 14:29:50,"Know Your Stats? Get a prostate screening, win an iPad2. http://t.co/aolQTXyH"
2011-10-27 14:15:02,"Know a man 40+? Free prostate test, lunch, iPad2 drawing. http://t.co/aolQTXyH"
2011-10-26 22:33:38,CDC reports that smoking and physical inactivity rates improved from 2001 to 2009 for women 18-44. Rates worsened for obesity and diabetes.
2011-10-20 13:43:22,"St. Francis Family Medicine at Jewell, 600 SW Jewell, is closed today due to a water main break. We apologize for the inconvenience."
2011-10-19 21:00:23,We're proud to say we were named among the best in the nation: http://t.co/xmnJj7NJ
2011-10-19 20:06:59,Learn about low back and leg pain at St. Francis Sports Medicine: http://t.co/YX1HyB04
2011-10-18 14:02:08,Have low back or leg pain? Find out more at Wellness Wednesdays: http://t.co/YX1HyB04
2011-10-17 16:20:51,Yum! RT @American_Heart: Want a quick meal to start the week? Try Lemony Tilapia & Asparagus Grill. http://t.co/fC2oLHaj #recipe #MenuMonday
2011-10-14 21:21:07,Wash your hands for better health! Oct. 15 is Global Handwashing Day:http://t.co/3CsB2dBU
2011-10-14 12:51:08,"Are you a St. Francis outpatient rehabilitation services patient? We're moving Mon., Oct. 17, to 634 Mulvane. 295-8045 for more info."
2011-10-12 19:36:23,St. Francis Family Medicine at Mission Woods will have a flu shot clinic from 5:30-8 pm Oct. 25. Call 785-271-1818 to schedule.
2011-10-05 19:20:56,RT @WebMD: Does breaking bread make your tummy hurt? Then you might need to go gluten-free. http://t.co/w0hURiPc
2011-10-04 21:31:23,"Need a flu shot? The clinic at St. Francis Family Medicine at Mission Woods is open til 8 p.m. Tuesday, Oct 4. Call ahead 785-271-1818."
2011-10-01 13:18:52,We'll be there walking! RT @amanda_lanum: Beautiful morning for a run! Race Against Breast Cancer at Washburn at 9 http://t.co/ucfJwljL
2011-09-30 19:21:59,We're excited to participate in tomorrow's Race Against Breast Cancer! Will you be joining us?
2011-09-27 20:29:16,"Hey Moms! The kids are back in school so take time to schedule your checkup, mammogram and dental appointments. Take good care of YOU!"
2011-09-26 16:06:42,RT @msnbc_health: New book explores the mysteries of southpaws http://t.co/R4VkcB50
2011-09-22 20:51:47,One day left for online bids! Visit www.allthatjazzauction.com to see 90 auction items to support the St. Francis Health Center Foundation
2011-09-20 17:11:18,Interesting! RT @PublicHealth The 1918 flu virus that killed 50 million globally was in the U.S. earlier than thought: http://t.co/FgOcK6Ua
2011-09-19 18:46:52,"Gorgeous day outside! It's also a Monday. If you are stressed, take a walk to clear your mind and appreciate the beauty of this day."
2011-09-16 19:41:18,Do you know your cholesterol levels? September is National Cholesterol Education Month. High cholesterol affects over 65 million Americans
2011-09-11 16:11:44,Today we remember the victims and loved ones of 9/11. A nation mourns your sacrifice. You are always in our thoughts. #911
2011-09-08 12:24:10,Going on again! RT @hillarymullin: Starting day w/ @KansasFirstNews Visit www.allthatjazzauction.com. http://t.co/5RFMYj5
2011-09-08 11:33:37,"Starting day with Foundation executive director, @KSNT,  @hillarymullin. Visit www.allthatjazzauction.com. http://t.co/5RFMYj5"
2011-09-06 17:05:19,Check out www.allthatjazzauction.com to find more than 80 auction items to support the St. Francis Health Center Foundation.
2011-09-06 13:45:12,RT @WebMD: Quiz: Test your nutrition IQ http://t.co/svhq1DZ
2011-09-02 12:03:10,Trouble sleeping? RT @womenshealth: Did you know that insomnia is more common among women? Get tips for better sleep. http://t.co/jXAIRan
2011-08-29 20:49:13,Important for flu season! RT @girlshealth: Do you wash your hands well? Handwashing 1st line of defense against germs. http://t.co/7kCooP1
2011-08-27 15:46:35,Thanks to @CJOnline for sharing the news about our annual CMN Radiothon to help local kids.  http://t.co/O6akSBA
2011-08-27 15:46:06,Thanks to @CJOnline for sharing the great news about our annual CMN Radiothon to help local kids.  http://t.co/O6akSBA
2011-08-26 18:11:18,Miracle Marathon for Kids raked in nearly $95K to help kids. Awesome! http://t.co/spdkh4l
2011-08-25 15:51:10,Join us at our next Wellness Wednesday to learn about aquatic therapy at the St. Francis Sports Medicine Center. http://t.co/VrfN3wJ
2011-08-25 11:56:31,What beautiful weather this morning! How will you get out and enjoy it?
2011-08-24 15:21:08,RT @msnbc_health: Only happy in the sun? Mood tied to weather http://t.co/kbtQYWS
2011-08-24 12:43:47,"St. Francis CMN, Country Legends 106.9 are back at West Ridge Mall today and tomorrow raising money to help local kids. http://t.co/92zbqrH"
2011-08-23 18:31:23,We're helping local kids during the 5th Annual Miracle Marathon for Kids Radiothon. http://t.co/92zbqrH #StFrancisCMN
2011-08-21 00:54:32,St. Francis is proud to be a sponsor of the 2011 Denim to Diamonds. What a great event! #RMHCTopeka  http://t.co/HiCUZEH
2011-08-16 18:56:41,Adults need vaccines too. Find out which ones. RT @cdc_ehealth: Find out which vaccines you may need by taking this quiz. go.usa.gov/kcn
2011-08-16 14:35:43,"Here are great tips! RT @RWJF_PubHealth: Tips on preventing sports injuries, as kids head back to school: http://t.co/O6t07zd"
2011-08-15 21:53:03,RT @WebMD: Happy National Relaxation Day! Learn more about what it means to really relax here. http://t.co/uG5PwAh
2011-08-15 17:21:16,Good tips! RT @WebMD: Everyday activities that burn serious calories. http://t.co/xEcf9bQ
2011-08-15 14:48:42,RT @SmokefreeWomen: Good Morning ladies! #Monday's a day 4 new beginnings...renew ur #SmokefreeMonday pledge & prepare 4 the week ahead! ...
2011-08-14 17:02:17,Congratulations to Dr. Melissa Colbern for being named Best Medical Doctor! #BestOfTopeka http://t.co/qxpMb7j
2011-08-13 19:55:02,RT @womenshealth: Did you know that minority women are at higher risk for developing certain illnesses? go.usa.gov/B6u
2011-08-13 16:50:02,Great weekend to get out and exercise! RT @cjonline: Summer days don't get better than this: Perfect weekend on ta... tinyurl.com/3epjhfg
2011-08-13 15:38:08,Great day to enjoy it! RT @lseabrookkfn: Beautiful day at Perry Lake marina! @tomhagenksnt @KelliStegeman  yfrog.com/kicskmhj
2011-08-12 19:28:52,RT @msnbc_health: Make a 'detox detour' around the grocery store by avoiding the center aisles -- that's where all the junk food is! htt ...
2011-08-12 19:01:00,"RT @MayoClinic: Probiotics – foods or supplements that contain ""good"" bacteria – may help treat or prevent illness.  http://t.co/2CHjjMk"
2011-08-12 18:31:09,St. Francis board member Jim Klausman named chairman of WU Board of Regents http://t.co/I9sSSSK #washburnreview
2011-08-12 15:03:08,RT @msnbc_health: Depression may increase stroke risk in women http://on.msnbc.com/n61x1P
2011-08-12 14:03:29,Sign up for Topeka's walk; it's 9/17 RT @american_heart: Be #hearthealthy by walking in a #HeartWalk. Visit . http://bit.ly/hEJkSP #exercise
2011-08-12 11:56:44,Important to know! RT @MayoClinic: Medications and supplements that can increase your blood pressure.  http://mayocl.in/pqZf5J
2011-08-11 23:37:36,RT @KDHE: #Kansas Immunization Conference is next month. This yr we r looking for ways to improve vaccine delivery. More info http://t.c ...
2011-08-11 22:06:22,RT @webmd: Music therapy eases anxiety of cancer patients. http://t.co/hZhU8wF
2011-08-11 21:08:52,"RT @healthfinder: Pregnant? Eat foods with fiber such as beans, oatmeal and brown rice. Get more #nutrition tips for pregnant women: htt ..."
2011-08-11 20:39:34,"RT @womenshealth: RT @TheHeartTruth After menopause, women are more apt to get heart disease. Talk to your doctor about your heart disea ..."
2011-08-11 19:59:15,RT @Amanda_Lanum: RT @foodandflicks: It's Dairy Queen Treat Day-local DQs will donate $1 for Blizzards sold today to St. Francis CMN.
2011-08-11 19:12:26,Don't forget to enjoy a sweet treat to benefit kids! $1 of Blizzard sales helps CMN at St. Francis today: http://t.co/hnRaAJ1
