Created at,Description,Followers Count,Friends Count,Geo enable,Language,Location,Name,Screen Name,Statuses Count,Time zone,id
2009-08-05 02:51:06,,29,585,False,en,,Erin Massek,Buggey8418,64,,63011026
2017-11-02 21:16:06,KPSC is a healthcare organization serving independent pharmacies in Kansas since 1985. Healthy communities. Healthy pharmacies. Follows/Likes/RTs ≠ endorsements,63,158,False,en,"Topeka, KS",KPSC,kspharmserv,301,Central Time (US & Canada),926196239846334465
2009-01-29 18:00:46,"A partner for lifelong health: We are committed to helping you stay healthy. Our goals are healthy people, healthy communities and a healthy future for all.",2141,1078,True,en,"Lawrence, KS",Lawrence Memorial,lmhorg,4457,Central Time (US & Canada),19723478
2010-04-12 21:40:20,"Aldersgate Village is a continuing care community located in Topeka, Kansas.",300,468,True,en,"Topeka, KS",Aldersgate Village,Aldersgate_KS,699,Central Time (US & Canada),132302773
2016-01-11 22:03:57,"Collaborating towards social engagement & acceptance, nurturing civil discourse |Regenerative Solutions/Peace & Justice[water💧is life] #evidencebased🚀✨➡️💩",735,3749,False,en,"Kansas, USA",Kelly~Rippel,k_ripTopCity,5428,Pacific Time (US & Canada),4745192227
2017-03-26 02:29:41,,18,300,False,en,"Topeka, KS",Jana V,JanaVargas34,3,,845825049873526785
2012-07-04 05:09:08,"RCEMS supports the people of Riley County, Kansas by pursuing excellence in pre-hospital healthcare, injury and illness prevention, and community outreach.",1829,118,False,en,"Manhattan, KS",Riley County EMS,RileyCoEMS,362,Pacific Time (US & Canada),626179054
2008-06-27 02:00:59,Wouldn't it be nice to keep more of your own money? We can show you how! #taxes #bookkeeping #accounting #enrolledagent https://t.co/VeIx485941,784,917,False,en,"Basehor, KS",JohnsonFinancialSvcs,LesleyJohnson,2820,Central Time (US & Canada),15250643
2014-07-07 13:16:10,,8,728,False,en,"Topeka, KS",Mark Davis,mark_davis5,1,,2609609426
2016-09-01 18:02:13,Official Twitter for the Kansas Capitol Police - Troop K | KHP | Account is not monitored 24/7 | #ServiceCourtesyProtection,2298,1928,False,en,"Topeka, Kansas, USA",Kansas Capitol Police,KSCapitolPolice,1123,Central Time (US & Canada),771407831337570304
2013-09-04 14:20:46,"The Image Recovery Centers® are hospital-based programs providing supportive and complementary care for cancer patients' body, mind and spirit.",246,1098,False,en,United States,Image Recovery Centers®,ImageRecovery93,1271,Eastern Time (US & Canada),1728914648
2017-11-05 18:28:23,"Fun loving Mainah, father to an amazing 6 year old girl. Love life and live it to fullest. I love #NASCAR and everything about it.",594,3755,True,en,"Augusta, ME",Robert J,MainelyRob,5292,,927241198162636800
2009-12-10 21:53:53,Author,42,73,False,en,,PLAlmanza,ItsLucyFurr,1343,Eastern Time (US & Canada),95992086
2014-09-10 00:34:50,,3,325,True,en,,Steve Woolington,snakedoc46,6228,,2800801754
2018-01-14 13:52:32,,14,32,True,en,"Topeka, KS",Historic Old Town,TopekaOldTown,11,,952538926610296832
2009-07-19 05:16:50,Radiation Oncologist. My tweets on #CancerResearch #Cancer #Health #Medicine #Oncology #RadOnc T/RT/F≠Endorsement/Advise  https://t.co/ugqRoC5cZc,36537,37084,False,en,"Oklahoma City, OK","Les Yonemoto, MD MBA",protoninfo,3741,Pacific Time (US & Canada),58129899
2012-03-29 13:34:55,,65,116,True,en,,Deb Parsons,silvius2020,310,Hawaii,540066669
2012-01-27 20:15:12,"Certified Surgical Technologist, dog mom of 2",102,230,True,en,"Topeka, KS",Sami Markham,Samijane14,380,,476133581
2018-03-03 09:23:24,"I Jimmy Paul the Program Manager for the upcoming International Conference on 24th European Pediatrics Conference  at Copenhagen, Denmark on Sep 10-12, 2018",106,1491,False,en,"Copenhagen, Denmark","24th European Pediatrics at Copenhagen, Denmark",Jimmypa99902447,40,,969865817239293954
2016-04-27 01:17:56,,24,109,False,en,,TL,TL091695,553,,725131833705271296
2014-10-06 03:13:13,,10,51,False,en,,Gail allen,AfroditeMom,32,,2809503545
2018-02-13 15:31:36,Dr. Paul Heath and his team combine advanced dentistry with a gentle friendly style that will make you and your family very comfortable.😀,22,204,True,en,"Topeka, KS",Dr. Paul Heath,HeathDentistry,148,,963435493294792704
2009-08-14 10:40:47,"Enjoying life with wife and kids. Living in the Midwest again. 2 dogs, 3 cats. All we need is a boat?",34,241,False,en,"Topeka, KS",Thomas Cowin,tcowin,136,,65608809
2015-11-01 23:43:56,,10,299,False,en,,Tim Duncan,TimDunc47605147,6,,4095863894
2011-01-24 19:51:01,"AARP Kansas works to improve the lives of older Kansans through advocacy, information, & service. We have more than 320,000 members in the Sunflower State.",2127,1452,True,en,Topeka,AARP Kansas,aarpks,5615,Central Time (US & Canada),242437565
2017-05-22 17:55:53,Xtract Solutions provides allergy clinics and hospitals with the finest software applications for the practice of allergen immunotherapy.,10,47,False,en,"Oregon, USA",Xtract Solutions,xtractsolution,3,,866714246318497792
2018-02-25 03:34:40,,2,16,False,en,,Anita Fry,AnitaKFry,0,,967603726750924801
2014-01-20 02:57:20,Assistant Coach @wu_baseball #GoBods 🎩,705,840,False,en,"Topeka, KS",Shawn Joy,Shawn_Joy37,1898,,2300664493
2012-12-23 02:02:24,,55,228,False,en,,Tessa Jacob,jacob_tessa,139,,1029653834
2018-02-08 00:55:36,Trying to make the world a better place. We all can,123,4512,False,en,,frank moore,frankmo33393119,8,,961403103907115011
2017-08-09 13:26:42,Promoting excellence in nursing and health care globally through credentialing.,329,47,False,en,"Silver Spring, MD",ANCC,anccofficial,196,Pacific Time (US & Canada),895275143538331655
2014-01-09 15:54:01,"Mize Houser & Company P.A. is one of the largest certified public accounting firms in the Midwest with offices in Topeka, Lawrence, and Overland Park, Kansas.",276,509,True,en,"Topeka, KS | Lawrence, KS | Overland Park, KS",Mize Houser & Co.,MizeHouser,937,Central Time (US & Canada),2283772447
2018-01-30 20:17:36,"The charitable arm of the KS Chapter, American Academy of Pediatrics. Our main program is Turn a Page, Touch a Mind. We help get books to kids! See our website!",18,36,False,en,"Shawnee, KS",Kansas Pediatric Foundation,KPF_4kids,124,,958434040587128835
2016-12-04 21:23:41,,9,160,False,en,,John Sturtevant,Sturts217,10,,805522991010418688
2018-01-27 10:38:25,,668,4974,True,en,,Tumus Make,TumusMake,10,,957201119612145665
2012-10-18 00:25:42,Twitter truth teller.,273,337,True,en,SoCal,Common sense Carl,be_smart_please,14854,Central America,887807941
2013-02-22 18:36:48,"Working every day to improve the environment in which Kansas physicians practice medicine. (Retweets, links, likes and follows are not endorsements.)",387,319,True,en,"Topeka, KS",KansasMedicalSociety,KsMedSoc,212,,1209477037
2017-05-01 19:59:11,,2,13,False,en,,Daniel Bartlemay,dbartlemay1,0,,859135130350256129
2016-07-22 17:45:47,former DC3 football  /Washburn sports medicine,332,444,False,en,"Dodge City, KS",Kolten Schulte,schultekolten13,2139,,756545792614109184
2017-01-04 02:29:28,,1,22,False,en,,Wayne Kufahl,w_kufahl,0,,816471578225557506
2011-05-31 18:35:53,"Kansas Children's Discovery Center, a hands-on Children's Museum in Topeka, KS! Indoor & Outdoor exhibits. Visit today for SERIOUS FUN with the whole family!",1383,1089,False,en,"Topeka, KS",KS Discovery Center,kansasdiscovery,2609,Central Time (US & Canada),308625279
2012-05-14 16:46:51,Ingram’s Magazine has been the leading business publication covering Missouri and Kansas since its inception in 1975.  Ideas:  editorial@ingrams.com,754,336,False,en,"Kansas City, MO",Ingram's Magazine,IngramsMagazine,658,Eastern Time (US & Canada),580037830
2017-10-21 04:02:52,"Spiritual Care Provider, Chaplain, UCC Ordained Minister",46,329,True,en,"Topeka, KS",Regan Saoirse,ChaplainRegan,93,,921587565978968064
2017-07-12 20:12:11,"Candidate for 2018 KS House of Reps, Dist 54. Paid for by Sarah Coats for KS. Ben Cohen, Treasurer. 🌻#VotesforCoats https://t.co/Kt3X9lkvmd",1523,1451,False,en,"Auburn, KS",Sarah Coats,SarahCoats4KS,2875,,885230327735738368
2018-01-15 13:47:01,,2,57,False,en,,dlpryor,dlpryor1,0,,952899925674782723
2009-04-29 16:57:22,,60,228,True,en,"Topeka, Kansas",Alice Weingartner,AVMW1993,224,,36407115
2017-05-31 15:02:23,,49,58,False,en,"Emporia, KS",NRHEmporia,NRHEmporia,177,Central Time (US & Canada),869932074802843648
2010-12-11 22:27:31,,13,200,False,en,,angie,eigna46,7,,225568188
2011-08-12 12:10:54,Bachelor of Science in Business concentration in Information Systems and Master of Science in Information Technology Management.,82,155,False,en,Kansas,Abbas Alnamar,AbbasAlnamar,119,Central Time (US & Canada),353642812
2016-10-29 16:43:38,Athletic trainer at Cotton O'Neil Orthopedics & Sports Medicine. Athletic trainer for Seaman High School.,179,639,True,en,"Topeka, KS",Michael Longhofer,LonghoferATC,194,,792406548450541568
2011-08-18 23:03:02,Better living through chemistry..,538,3599,False,en,"Topeka, KS",Chris Wuenstel,cshaw219,302,,357807702
2012-07-22 19:00:10,,6,99,False,en,,Lydia Peterson,LydiPete,354,,711116804
2017-11-13 13:43:50,,35,16,False,en-gb,,Dexur Kansas,DexurKansas,6,,930068692192202752
2017-04-07 01:18:38,"Join us for the KS Taco Festival at Lake Shawnee, Topeka, Kansas on August 11th, 2018. Over 25k tacos will be served. Produced by @zachevents",73,309,False,en,"Topeka, KS",Kansas Taco Festival,KansasTacoFest,30,,850155825419214850
2012-02-08 00:10:33,,34,114,False,en,,Shayla Farley,ShaylaPentlin,314,,486154679
2017-11-14 16:59:18,Become a part of our NATION by choosing healthier alternatives to your daily routine. Check us https://t.co/hSWhnEbwp0,143,455,False,en,United States,yourhealthnation,urhealthnation,20,Pacific Time (US & Canada),930480270163267584
2017-11-21 09:34:34,,80,473,False,en,"Khulna, Bangladesh",The Kids Stock,Lutforrohman199,6,,932905065525809152
2012-10-24 18:46:19,,7,55,False,en,"Lawrence, KS",Darren Moore,DarrenWMoore,21,America/Chicago,902386633
2016-01-27 18:48:47,Official account for Topeka & Wichita offices of the AAA Kansas Public & Government Affairs Dept. Hosted 9-5. Need Roadside Assistance? Please call 800-AAA-HELP,683,1022,True,en,"Topeka, KS",AAA Kansas News,AAAKansasNews,1627,,4854469781
2016-01-03 05:09:45,IntraVires Health offers compliance consulting services to healthcare organizations and their legal counsel. Our retweets are not endorsements.,13,112,False,en,"Miller Beach, Gary, IN",IntraVires Health,intravireshlth,36,Pacific Time (US & Canada),4700648594
2013-02-08 14:30:15,,61,83,True,en,,Rochelle,rltrn23,107,,1160323004
2013-11-24 23:48:57,,15,102,False,en,,Pam Wilbur,PamWilbur1,0,,2213236532
2012-02-29 03:08:18,,5,30,False,en,,Deb Paschall,MDebp,4,,508293704
2015-04-20 03:57:53,"|WU|Social Work Major|Gerontology Minor|Luke 1:45| I’m an acquired taste. If you don’t like me, acquire some taste|",308,664,True,en,913,Jess,jess_rogers4,2133,,3164711550
2012-01-14 04:34:16,Athletic Trainer,323,98,True,en,Topeka,Austin Dodds,AustinDodds,2719,Hawaii,463479394
2010-03-30 00:16:05,,121,527,True,en,"Topeka, KS, USA",Danielle Hibbert,nell1107,439,,127694194
2013-07-04 22:48:17,,44,393,False,en,,bcf,2511ninadog,36,,1569257371
2017-12-01 03:42:06,,0,26,False,en,,Kevin Han,6k12h20,0,,936440239345815553
2011-03-16 23:15:49,,12,21,False,en,"Topeka, KS",Todd Lutz,ToddALutz,1,,267432085
2011-06-29 20:04:15,Emily's Mama. Informatics Nurse. Dedicated Runner. Yoga Junkie. Jayhawk for Life. Loves sunshine & peanut butter.,66,225,True,en,,Kelly Tosh,kelly_tosh,1070,Central Time (US & Canada),326363131
2015-10-20 00:26:46,,36,265,False,en,,Kent Barmann,kbarmann82,4,,3952420334
2013-06-22 00:27:40,,26,213,False,en,"Topeka, KS",Nan Lloyd,lloydn56,44,,1537633231
2009-07-10 02:47:35,"Passionate for workforce development, recruiting & retention...sharing positive and empowering news, thoughts & ideas. (tweets are my own)",238,355,True,en,"Topeka, KS",Pamela Hann,PLHann,1506,Central Time (US & Canada),55447365
2013-01-05 02:26:31,,50,510,False,en,,Cass Johnson,cass_johnson12,2149,,1061945802
2011-10-21 19:36:26,"Born of the Prairie, but got a Caribbean Soul. A Christian liberal who loves seafood & rum, digging in the dirt, dogs & country music.",146,498,False,en,"Topeka, Kansas",Jane Kelly,caribbeancruzn,356,,395509254
2013-10-04 14:02:24,"National leader in education programs               for children's hospitals, behavioral health & substance abuse programs.",522,2591,False,en,"Plymouth, MA","Education, Inc.",EducationInc_US,272,Eastern Time (US & Canada),1934370440
2012-08-12 20:52:44,The Official Site for Jackson Heights,444,31,True,en,"Holton, Kansas",Jackson Heights,JHCobras,1918,Central Time (US & Canada),753763718
2016-10-28 00:51:23,Christ Follower | Proud Husband and Dad Washburn Univ. ‘95 | Athletic Trainer for Shawnee Heights HS T-Birds | Love my black lab Boog | John 3:16 | John 14:6,62,195,False,en,"Topeka, KS",Todd Gaddis,GaddisATC,80,,791804520108060672
2017-08-25 13:32:53,,14,136,False,en,"Topeka, KS",Kara Fairbanks,FairbanksKara,24,,901074906003255296
2017-10-22 04:52:56,"Small boutique preparedness consulting firm focused on training, planning & exercise design to make your businesses & communities more resilient.",3,54,False,en,"Kansas, USA",Readiness Project,readi_pro,70,,921962552866811904
2017-10-21 19:00:05,,0,15,False,en,"Topeka, KS",Melissa Burger,MelissaBurger13,0,,921813355643404289
2012-05-04 21:11:00,Enjoying life everyday | RIP justice🙏🏽,533,535,True,en,"Topeka, KS",Ben Harrison,Ben_fb_34,1983,Eastern Time (US & Canada),571236663
2009-04-21 17:27:59,,51,209,False,en,,Paula Canon,pjkansasgrl,53,Mountain Time (US & Canada),33972196
2011-09-25 02:18:41,"Washburn Alumni | ""If you work really hard and are kind, amazing things can happen"" - Conan O'Brien",624,654,True,en,"Topeka, KS",Luke Yoder,TheYodieBear,3887,Central Time (US & Canada),379495597
2011-03-24 07:09:55,"“Our deepest fear is not that we are inadequate. Our deepest fear is that we are powerful beyond measure."" WU baseball alum",640,814,False,en,T-Town,Mack,ZachMacke15,1875,Central Time (US & Canada),271299981
2015-11-10 01:27:00,Scared Money Won’t Make Money 💰‼️,235,384,True,en,"Topeka, KS",Jacob Glendinning,jacob_glend91,695,,4185192013
2009-07-14 13:58:10,,75,170,False,en,,Austin Hills,Punter49,449,Central Time (US & Canada),56699914
2017-10-19 00:27:00,"Your local nonprofit foundation, created to increase public access to defibrillators within Northeast Kansas",5,39,False,en,"Topeka, KS",Kaw Valley PADF,KawValleyPADF,14,,920808465899061248
2017-06-13 19:51:42,Academic/ Group Medical Education Account Specialist at Challenger Corporation.,56,453,True,en,"Memphis, TN",Kristen Scott,Kristen_S_Chall,25,,874715924581855232
2015-11-08 21:41:06,,8599,6182,False,en,,Prevention Magazine,preventionmag1,1913,Pacific Time (US & Canada),4144529523
2009-10-07 05:01:51,,12,41,False,en,,Tiffany,tfabriz,11,,80497521
2009-02-25 15:14:26,"Mom-to-be, Iowa native, Kansas captive, Comm Director for @AHAKansasCity, @WartburgCollege Alum, @HabitatFranklin board, @TeamBeefUSA #runner, 9x marathoner",1031,1517,True,en,"Ottawa, KS",DeEtta Lee,DeEttaLLee,12681,,21874566
2013-08-01 19:54:25,,4,74,False,en,,darlene stone,darlenestone19,71,,1638695478
2011-02-06 17:51:26,rising hip hop star and fantasy sports failure,34,91,True,en,,Kevin Waite,rxhawker,553,,248291737
2010-08-18 16:38:24,"Father of 3 Boys, MBA from the University of Georgia, Customer focused ...Go Dawgs!",146,363,False,en,"Atlanta, GA",Michael Walker,MichaelWalker31,1176,,180008986
2011-08-26 18:53:05,*Catholic and Proud of it!* Mother of 2* Wife of 1 amazing man* St Jude community member *Registered Nurse* I am a child of God!,112,69,True,en,"Kansas, USA",Joanna Crawford,cali_grl2005,1600,Central Time (US & Canada),362641299
2017-09-26 16:48:07,,1,39,False,en,,Evan McConnell,ECMBL23,0,,912720447602515969
2017-10-06 01:02:19,,57,1091,False,en,,Linda D. Kaufman,LindaDKaufman17,22,,916106310499864576
2009-06-04 18:14:42,"CISCRP is a non-profit org, celebrating 13 years of educating the public & patients about the role that clinical research plays in advancing public health.",2495,1015,False,en,"Boston, MA",CISCRP,CISCRP,1497,Quito,44678782
2017-05-25 03:22:31,Happy,8,94,False,en,"San Diego, CA",Stacey Willey,WilleyStacey,15,,867581617249714176
2010-02-11 22:43:58,,12,17,False,en,,Rebeca Witte,rebeccajoywitte,3,,113484405
2017-02-18 18:27:07,"Directory of US #Hospitals, #MedicalCenters, & #HealthSystems.  Includes #CancerCenters, #ChildrensHospitals, #VAHospitals, #PsychiatricHospitals, ...",365,2743,False,en,United States,US Hospital Info 🏥,USHospitalInfo,391,Pacific Time (US & Canada),833020035027365888
2008-06-03 22:15:00,"Surgical Oncologist at the University of Kansas, Vice-Chair, Division Chief of Surgical Oncology, Associate Program Director of the General Surgery Residency",974,1209,True,en,"Kansas City, KS",Joshua Mammen MD PhD,joshuamammen,1876,Central Time (US & Canada),14998169
2016-09-14 17:05:05,,14,87,False,en,,Serena Laird,serenal67,1,,776104493175844864
2009-06-18 15:23:12,The official twitter home for all things Washburn Ichabods. #GoBods,6658,166,True,en,"Topeka, KS",Washburn Athletics,wusports,23333,Central Time (US & Canada),48381679
2011-12-04 13:00:14,"Non-operative Orthopedics and Sports Medicine Physician. Proud Washburn Ichabod.
Andrews trained. Feeding an addiction for golf through medicine. TPI and SFMA",229,409,True,en,"Topeka, KS",Ryan Tomlins,TomlinsRyan,724,Central Time (US & Canada),428184645
2011-03-30 20:14:05,Sr. Account Executive @ Learfield Sports,399,1147,True,en,"Manhattan, KS",Seth Alberg,albergseth,188,,274660131
2017-02-17 15:43:47,"Wake MBA, CEO Toxicology Unlimited - a division of Med Labs Unlimited. Providing the addiction treatment industry fast, integrated toxicology solutions.",214,1388,True,en,"FL, AL, TN, CA & NY",Melissa Boos,FastDrugTesting,112,Pacific Time (US & Canada),832616540251918336
2009-03-31 16:19:50,Urgent Care Association of America (UCAOA) represents practitioners and business professionals working in the urgent care industry.,1633,1361,False,en,Chicago suburbs,UCAOA,UCAOA,5097,Central Time (US & Canada),27902993
2017-09-08 15:08:33,,6,40,False,en,,Rebecca Hurla,nurse_hurla,15,,906172409228787712
2012-03-22 21:16:29,,23,137,False,en,Kansas,Brian Wilson,brianfwilson,17,,533599263
2017-04-26 14:51:48,"MASA is a design-build, one-source company, manufacturing the highest-quality canopies, sun shades, and awnings. Each piece is hand-made in our shop in the USA.",403,3371,False,en,"New Jersey, USA",MASA Canopies,MASA_Canopies,585,Eastern Time (US & Canada),857245835301617665
2013-01-03 03:28:30,,63,121,False,en,,Shelley Allen,PR_Allen,58,,1056766850
2009-08-26 03:31:36,,4,55,False,en,,Kim Brown,okimwon,10,America/Chicago,68891203
2013-07-11 17:44:09,"Athletic Trainer for Washburn University, living the dream everyday! #ATC4life #lovemyjob",83,140,False,en,,Kristan Todd,KristanOlson1,47,,1586437645
2017-07-25 15:36:14,,53,320,False,en,"Topeka, KS",Brittany A Jackl,jackl_brittany,315,,889871923953512449
2017-08-03 15:27:42,"Business development, healthcare transformation, and powerlifting enthusiast.",29,467,True,en,"Mountain View, CA",Jake Ingram,Jakeingram408,2,Pacific Time (US & Canada),893131268346400769
2013-11-05 23:16:27,,36,331,True,en,Unayzah,sulaiman almaiman,sulii368,236,,2176986613
2014-03-22 03:01:51,"Husband. Dad. Proud father of two. Ichabod and Jayhawk grad. Healthcare. Opinions mine, not employer.",77,282,True,en,"Lawrence, KS",Michael Ramirez,ramirezmarj,191,,2402526612
2009-04-17 22:50:15,Never waste an opportunity to say I Love You!,35,63,False,en,,Michelle Burgoon,MickeyGoon,212,,32638941
2016-12-01 05:47:00,,10,12,False,en,,RabbitTrax,trax_rabbit,23,,804200103116500992
2013-06-20 01:39:58,https://t.co/5Gu59jTc2j,94,63,False,en,"Topeka, Kansas",Amy (Flood) Boyles,We4Boyles,776,,1532503586
2009-03-13 23:44:32,"Patient Advocate, Healthcare Reform Crusader, RN, Podcast Junkie, Mom of Girls ❤️, Willie Nelson's Biggest Fan!",53,277,True,en,"Overland Park, KS",Amanda Runyon,ateccher,120,Central Time (US & Canada),24283848
2009-03-04 16:16:54,"Vocera provides integrated, intelligent communication to instantly connect people in mobile, mission-critical environments. https://t.co/LRLQEaVGCc",2665,2610,True,en,"San Jose, CA",Vocera,VoceraComm,7960,Pacific Time (US & Canada),22793561
2012-01-05 16:54:42,Lippincott Solutions is an online nursing workflow product suite specifically developed to support clinical excellence and improve patient outcomes.,2404,1499,True,en,,Lippincott Solutions,NurseSolutions,9507,,455895286
2012-12-23 13:10:10,,6,12,False,en,,Kara Welter,karawelter,0,,1030545884
2008-09-24 03:14:14,"The Topeka Capital-Journal is the oldest & largest media outlet in NE Kansas. News tip? DM us on Twitter, call at 7852951240 or email at webmaster@cjonline.com",27392,539,False,en,"Topeka, KS",CJOnline,CJOnline,126560,Central Time (US & Canada),16429852
2015-03-13 00:42:29,,218,577,False,en,,Jay T Ladenburger,LadenburgerJT,170,Pacific Time (US & Canada),3090355348
2013-04-30 12:12:55,wu ‘19...hopefully,117,220,True,en,,jeri,fatelvis7,391,,1391924450
2011-05-10 19:03:53,"@EMDRIA approved provider of #EMDRTrainings and EMDR Advanced Workshops, and the author of “EMDR Essentials: A Guide for Clients and Therapists” ⛰ #EMDRTherapy",1185,1703,True,en,"Boulder, CO",Maiberger Institute,BarbMaiberger,7975,Mountain Time (US & Canada),296431054
2013-12-02 14:09:44,We are the largest district in Shawnee County & believe that our students will change the world. 🎓 Tweet at us & we will do our best to respond! #WeAreTPS,3059,3471,True,en,"Topeka, KS",TopekaPublicSchools,TPS_501,3631,Central Time (US & Canada),2226723932
2009-04-15 16:57:30,"COO and Co-founder of Decisio Health, Inc.",133,457,False,en,,Gray Hancock,gghancock,86,Central Time (US & Canada),31454381
2017-06-06 21:35:32,Panda Pediatrics strives to provide the highest possible quality of medical care and service for our patients and their families.,225,1671,False,en,"Lawrence, KS",Panda Pediatrics,PandaPeds,295,Central Time (US & Canada),872205338069610496
2013-10-08 18:17:59,"Passionate Physician. Patient safety driven. HIT industry leader. Quadruple Aim advocate. Decisio Health team member.   ""We are all in this together!""",343,741,True,en,South Bay,"Eric Quinones, MD",DrQ4U,1824,Pacific Time (US & Canada),1947624224
2015-04-13 14:20:47,Work Hard Live Well,64,399,False,en,,Bryan Haardt,BryanHaardt,115,,3164298563
2011-02-12 05:06:35,Physician @decisiohealth| MBA Candidate @Rice_Biz| DirectorResearch @AorticTrauma| #DigitalHealth #MedicalDevices #LifeSciences #Aorta #Healthcare #Bizdev,314,1858,False,en,"Houston, TX",Binod,BinodHQ,378,Central Time (US & Canada),250970789
2013-09-27 00:06:09,Decisio Health provides FDA cleared software that displays real-time actionable information with a goal of  increasing clinical guideline adherence.,382,1250,True,en,"Houston, TX",Decisio Health,decisiohealth,651,Central Time (US & Canada),1909613911
2014-11-16 02:08:57,,6,55,False,en,,Kelly Liby,samarah2015,17,,2901048980
2014-01-17 16:00:20,"Blessed to be the mommy of a beautiful little girl 💕May your coffee be strong, and your scrub game on point. 💊💉",77,228,False,en,"Rossville, KS",Becca,becca_sage,1018,,2296347330
2017-06-16 15:55:16,,0,7,False,en,"Topeka, Kansas",DBishop,dbishop_bishop,0,,875743586016481281
2016-12-02 02:06:38,Electrophysiologist at Stormont Vail Health,25,31,False,en,"Topeka, KS",Alap Shah,AlapShahMD,0,,804507031940059140
2016-03-13 03:42:48,,9,108,True,en,,Donney Kastner,donney_k,139,,708860839273451522
2010-11-05 17:44:35,"The Governance Institute, a service of NRC Health, supports hospital and health system boards and leaders in their efforts to govern their organizations.",276,515,False,en,"Lincoln, NE",Governance Institute,thegovinstitute,367,Mountain Time (US & Canada),212295556
2012-04-05 15:38:16,"We create healthy and stimulating work environments for Corporate, Healthcare, Education and Government organizations.",899,538,True,en,Kansas City-Wichita-OKC-Tulsa,John A. Marshall Co.,JohnAMarshallCo,2233,Central Time (US & Canada),546066406
2010-08-22 04:28:09,"Loving life with Aaron and our pup Lennox, courage is not the absence of fear but the triumph over it ❤️ #nurselife  Wife, RN, dog mom 🐶💉💊💏",56,591,False,en,"Topeka, KS",jessica,jesshack82,157,Central Time (US & Canada),181422401
2017-01-28 01:02:12,,27,197,False,en,"Topeka, KS",Chad,Chad5229,35,,825146927499067392
2010-11-30 15:11:32,The University of Kansas Health System is the region's premier academic medical center. Our physicians are at the forefront of medical research at @KUMedCenter.,5107,1395,False,en,"Kansas City, KS",KU Hospital,KUHospital,4516,Mountain Time (US & Canada),221394881
2016-03-22 20:46:00,,380,4950,False,en,,esSources4,esSources4,41,,712379826590470144
2011-01-28 05:31:44,"@KSNTNews Morning Anchor & Health Check Reporter - Lover of food/cooking, the outdoors, reading, traveling, and spending time with family and friends!",774,971,True,en,"Topeka, KS",Brittany Moore,BrittanyKSNT,2620,Central Time (US & Canada),243962150
2009-02-13 21:12:16,"Building girls of courage, confidence, and character who make the world a better place.",3375,2385,False,en,80 Kansas Counties,Kansas Girl Scouts,KSGirlScouts,8857,Central Time (US & Canada),20807148
2013-06-26 04:52:43,CRNA,32,91,True,en,"Topeka, KS",Kate Tonniges,Ktonniges,50,Central Time (US & Canada),1547366203
2016-10-15 01:20:01,"Offical Twitter page of Cotton O'Neil Sports Medicine. Check out our physicians, athletic trainers and therapists keeping our student athletes healthy.",99,183,False,en,"Topeka, KS",CO sports medicine,co_sportsmed,559,,787100683187224576
2012-10-03 23:16:31,,17,201,False,en,,Sheila Roeder,roeder_sheila,4,,860487408
2011-12-18 21:21:08,,12,264,False,en,,Amber 🐗,razrbacks,396,,440329107
2009-04-30 11:33:12,"Thomas Nelson author of heart to heart for teen girls,  public speaker and mental health advocate",770,3284,False,en,topeka kansas,rebecca lyn phillips,rlynph,14974,Central Time (US & Canada),36641868
2008-07-18 22:52:56,"We work globally to prevent accidental injury in kids under 19 #childsafety  #globalhealth #roadsafety, #homesafety #protectingkids | @safekidspres @SKWAdvocate",77779,43512,False,en,"Washington, DC",Safe Kids Worldwide,safekids,13685,Eastern Time (US & Canada),15487499
2013-07-17 15:36:19,"The University of Kansas Hospital Poison Control Center proudly services the entire state of Kansas. Free, fast, expert help, 24/7. 1-800-222-1222.",438,1061,False,en,,KSPoisonControl,KSPoisonControl,934,Pacific Time (US & Canada),1601227298
2012-11-08 16:15:59,"America’s Exclusive Healthcare Parking, Transportation and Hospitality Provider",422,2154,False,en,USA,"ParkMed, Inc",ParkMedInc,794,Eastern Time (US & Canada),934860727
2009-07-02 16:51:28,farmer/crop ins agent,72,178,False,en,seneca kansas,Rod Tangeman,rodtangeman,526,,53117156
2009-06-17 22:10:37,,116,787,False,en,"Topeka, KS",Austin Jackson,quicksilver8616,1714,Central Time (US & Canada),48137279
2014-07-07 03:04:33,,11,103,False,en,,Sang Hwang,sanghwang777,16,,2608817443
2015-04-26 01:46:22,Thank you for allowing me to be part of your journey - Emily. Making each day count #cancersucks #cancerfighter #McNeese St Univ Alum #Washburn Univ Alum,7,81,False,en,,Emily Marsh,enm1019,51,,3174154568
2011-02-16 21:54:38,"Arsenal FC, ICU nurse, Army wife, & obsessed with my dogs.",222,575,False,en,"Kansas, USA",Caroline R,caro_hamer,3133,Eastern Time (US & Canada),253260057
2009-06-05 18:45:34,,6,386,False,en,,Lauri Wright,lauriks,41,Central Time (US & Canada),44962646
2011-05-06 22:31:26,,317,381,False,en,,Bailey Buer,BaileyBuer,986,Central Time (US & Canada),294310095
2014-10-16 18:59:56,CEO of How Healthcare Works. #publichealth #hospitals #leadership #management Opinions are my own. RT does not equal endorsement.,3171,4098,False,en,"Missouri, USA",Jeanette Harrison,jrharrisonmph,7213,Central Time (US & Canada),2858298396
2015-05-25 01:55:46,michellevsfood,42,304,False,en,,Michelle,garciamichelles,25,,3297363052
2017-02-17 05:36:44,,15,179,False,en,,A Bargallo,aslangbarg,113,,832463770769252352
2009-08-20 16:20:09,Topeka City of Character is devoted to promoting good character in order to improve the lives of our residents and enrich the spirit of our community.,477,200,False,en,"Topeka, KS",Topeka Character,CityofCharacter,351,Central Time (US & Canada),67350367
2012-10-10 21:32:18,I'm blessed.,17,271,False,en,,Barb Holmes,gmabarb7,248,,872528808
2017-02-02 16:50:59,,2,55,False,en,,Nicole Ensminger,Nicoleh0083,0,,827197632657375234
2011-09-20 19:38:30,,24,31,False,en,"Kansas, USA",Tiffany,VirtualTiffany,23,,376956225
2011-04-03 23:40:34,,16,181,False,en,,Mandy Magistro,mandymagistro,1,,276726427
2017-01-24 18:05:15,,3,7,False,en,Kansas ,Melissa Tangeman,TangemanMelissa,0,,823954834353102848
2014-05-02 00:03:16,,44,258,False,en,,Linda Nickles,LindaNickles,26,,2473199773
2015-02-07 00:03:04,,36,74,True,en,,Christy Rooks,Rcjh98Rooks,124,,3011728692
2009-03-28 20:14:35,"curiosity, laughter, future generations, all things miniature",66,127,True,en,"Topeka, KS",Noni Cremer,nonicremer,125,Central Time (US & Canada),27299234
2012-04-18 22:36:05,,502,578,False,en,"Emporia, KS",McKenzie Cinelli,kenzcinelli,4778,,557360502
2009-11-27 17:30:15,"Broadband Technician by day, Community Manager & Web Contractor by night. #community #manager #contentmarketing #developer #entrepreneur #onlinemarketing",619,855,False,en,Topeka,Brandon Sheley,BrandonSheley,3661,Mountain Time (US & Canada),93010810
2011-11-28 22:05:34,"Providing news, weather, sports, community info and entertainment to Emporia, Kansas and the surrounding area",3394,952,True,en,"Emporia, KS 66801",KVOE,KVOEAM1400,37781,Central Time (US & Canada),423750894
2012-07-23 21:09:04,,224,1718,False,en,,vicki pollock,vicki_pollock,690,,713122082
2016-12-01 16:06:15,"Safe Kids Kansas Inc., is a Coalition of more than 70 organizations and businesses dedicated to preventing unintentional injuries to Kansas children ages 0-19.",290,277,True,en,"Kansas, USA",Safe Kids Kansas,SafeKidsKansas,461,Pacific Time (US & Canada),804355941617504256
2016-11-11 15:07:59,"Helping businesses manage, access and protect their vital information.",33,396,False,en,"Topeka, KS",STACKS Secure,STACKSSecure,72,,797093519848574978
2013-12-08 23:38:10,,23,76,False,en,"Topeka, KS",Jeanne M Calvin Roth,higenii1,133,,2236722764
2016-06-13 19:35:44,Our purpose is to improve and save lives with diagnostics. Watch how - https://t.co/uPL1V6wIc9,760,3620,False,en,Global,OrthoClinicalDX,OrthoClinicalDX,263,,742440333007556612
2015-12-29 15:29:45,Infusion center software. Taking the confusion out of infusion therapy. #ChooseToInfuse #StartUp #HealthIT,154,784,True,en,"Austin, TX",WeInfuse,WeInfuse,329,Central Time (US & Canada),4673484253
2013-06-12 19:15:42,,10,126,True,en,,Stacey Marney,slmarney,39,,1511384390
2011-09-07 17:39:01,,150,722,True,en,"Topeka, KS ",Jackie Koch,jackie_koch,362,Eastern Time (US & Canada),369628329
2015-04-28 15:48:40,,5,217,False,en,"Kansas, USA",Progeval,progeval,1,,3178389691
2016-10-18 18:31:53,Premiere executive search firm specializing in the recruitment of executive and management leaders across the hospital/healthcare continuum on a national level.,2,60,False,en,"Columbia, MO",Steve Weiner Search,stevewsg,3,Pacific Time (US & Canada),788447524281389056
2011-06-24 03:14:00,"Physician,boxing & car enthusiast, Royals fan",64,202,False,en,,Aquinian,FPampolina,497,,323008777
2016-10-03 15:47:40,"Washburn University Student, Public Relations Major,",8,111,False,en,"Topeka, KS",Kassadee Clark,kassadee_clark,5,,782970380696760320
2016-06-09 14:39:04,We provide physicians with our services in our three areas of expertise #annualwellness #chroniccare #engagementcenter #HEALTHCARE #ACO,989,5000,False,en,Nationwide USA,Healthy Plus,BeHealthyPlus,285,Central Time (US & Canada),740916125819604992
2012-09-26 01:26:18,,58,114,False,en,,Julie Holmes,JulieKUfan,2542,,846544178
2011-11-11 14:04:47,"Life is tough my darling, but so are you.",353,377,True,en,,Katie Longhofer,KatieLonghofer,2609,Central Time (US & Canada),409995577
2009-07-23 03:30:01,,150,702,False,en,,Jamie Cooper,mamacooper09,1548,Central Time (US & Canada),59348997
2011-05-03 00:54:04,live the life you love ❤️,58,229,False,en,,Bailey Mize,Baileycorinne15,384,Central Time (US & Canada),292041120
2008-12-01 20:12:06,Creating positive sustainable change in our community.,2197,1954,True,en,"Topeka, Kansas",United Way Topeka,UnitedWayTopeka,4009,Central Time (US & Canada),17787704
2014-06-26 00:00:05,"GURU?...not exactly...FEARLESS?...precisely. 
It's a lifestyle:) Larry Farmer aka LANSKI:) = Love All Now Spread Knowledge Internationally...my LIFE'S PURPOSE",353,545,True,en,,Larry Farmer,larrylanski,1836,,2588480407
2012-12-20 02:59:49,"Administrator, Center for Connected Care",26,110,False,en,,Nicole Blegen,niki_blegen,27,,1023390805
2012-05-24 03:41:22,,10,65,False,en,,Tracy O'Rourke,TrORourke,104,,588801269
2011-09-22 20:42:52,copywriter @apfood | fitness instructor | @beautycounterhq consultant | world traveler | lover of all things sweet 🍩,821,1046,False,en,"Omaha, NE",Melissa Wiechmann,wiechmelissa,2545,Mountain Time (US & Canada),378213004
2009-06-03 15:48:05,"Dobies Healthcare Group specializes in healthcare marketing, branding and advertising. Our clients say we bring their brands to life.",894,1217,False,en,"Kansas City, MO",DobiesHealthcareGrp,DobiesGroup,1618,Central Time (US & Canada),44385300
2016-05-11 20:17:21,,3,124,False,en,,Kaiser Clark,kaiclark74741,1,,730492006707781633
2009-10-29 17:56:13,"Artist, Music Lover, Mother, Daughter, Friend",90,163,False,en,,Autumn,LovePeaceAutumn,93,Central Time (US & Canada),86124096
2016-05-01 22:28:29,"Eve is the giver of life, the nurturer of love. Eve carries burdens on her back, but comfort in her arms. She is Mother Earth. She is me. She is you.",31,390,False,en,,Axis of Eve,evesaxis,104,Central Time (US & Canada),726901132472111105
2009-02-25 03:24:48,Apple fanboy/guru,136,564,True,en,"Topeka, KS",Jason Whitaker,jw154j,3114,Central Time (US & Canada),21831473
2016-04-18 13:25:50,20+ years practicing  RDA - now helping promote support to EHR and hospitals IT departments #Meditech #EPIC #Cerner #McKesson,189,681,True,en,"Madison, MS",brooke tkach,BtkachTkach,2163,,722053526717730818
2011-09-17 22:06:40,"Bleeds KU Blue! I work in health care and love making a difference even in the toughest situations. ❤️power lifting,relaxing by the water,watching sports.",34,317,False,en,Home of the Jayhawks,Traci Cuevas Counley,jaydoc78,105,,375308967
2014-06-11 22:30:18,Pulmonary & Critical Care Medicine,99,484,False,en,"Topeka, KS","Hassan Taha, MD",Drhtaha,156,,2602283415
2009-03-10 19:31:38,Our purpose is to revolutionize global healthcare so every individual receives the perfect care for them. Join the revolution.,19023,17414,True,en,International,Orion Health,OrionHealth,4409,Wellington,23638228
2011-10-31 17:36:51,,385,374,True,en,,Grace Brodrick,GraceBrodrick,818,Central Time (US & Canada),402182264
2011-10-30 15:02:34,Cavern Technologies is the premier #KansasCity #datacenter partner for small to Fortune 1000 companies across the US.,222,266,True,en,"Lenexa, KS",Cavern Technologies,CavernTech,386,,401437389
2012-07-06 22:55:41,,26,138,False,en,,Ryan Tucker,TuckerHawk,22,,628797100
2016-06-11 20:59:52,,310,399,False,en,United States,andi,luvlillies88,1171,Pacific Time (US & Canada),741736731322372096
2014-06-18 01:55:15,"Professor of History
Dean of University Libraries and the Center for Student Success",660,1018,False,en,Washburn University,Alan Bearman,AlanBearman1,3188,,2573924036
2016-05-03 15:55:12,,50,268,False,en,,Lifeline Child KS,lifeline_KS,143,,727526933345357824
2014-04-17 17:41:16,"Calpion is a Dallas based global IT services company offering Application Development, Big Data Analytics, Machine Learning, Test Automation and Cloud services.",669,4909,False,en,"Dallas,TX",Calpion,calpioninc,157,Central Time (US & Canada),2450149320
2015-06-13 20:21:19,"Senior Manager, Strategic Solutions - Medtronic Care Management Services - love my family, love selling programs that truly help people every day - love data!!",106,639,True,en,"Tulsa, OK",Jennifer M. Ramey,JMcRamey,135,CDT,3244555675
2016-01-27 20:27:30,"24/7 Wireless Monitoring & Notification System Assisting with Regulatory compliances in the Healthcare, Industrial/HVAC, Foodservice & Food Processing Markets.",19,185,False,en,"Middlefield, CT",TempTrak® Enterprise,temptrakinfo,16,Pacific Time (US & Canada),4854780605
2014-01-03 17:54:25,"Sunflower Health Plan is an NCQA-commendable managed care organization. We serve members of #KanCare, Medicare Advantage & the health insurance marketplace.",520,952,True,en,,Sunflower Health,SunflowerHPlan,744,Central Time (US & Canada),2274863167
2012-12-23 04:16:06,,13,85,False,en,,Nancy Stous,nstous,72,,1029828632
2009-04-22 07:07:04,Christian ~ mom ~ nurse ~ burn survivor,109,301,True,en,Kansas,Sandra Schumacher,motherschu,945,Central Time (US & Canada),34212175
2015-05-20 20:03:27,The Institute for Clinical Immuno-Oncology (ICLIO) is an initiative of the Association of Community Cancer Centers (ACCC),1077,1578,False,en,,ICLIO,ACCC_ICLIO,2019,Pacific Time (US & Canada),3291852779
2013-07-19 17:33:51,compassionately creating zero balances,54,258,True,en,"Lawrence, KS",Haase+Long,haaseandlong,195,Eastern Time (US & Canada),1606382064
2016-03-04 06:35:05,VP Assistant in Inellicell Group; Senior Translator; Fashion Jewelry Designer;,28,258,False,zh-cn,People's Republic of China,Alec,Alec_Naland,215,,705642702101094404
2016-03-21 09:24:22,"Manager, Sales and Account Management for Emporos Systems Corporation. We are a hospital pharmacy POS vendor and we are simplifying retail",5,39,False,en,"Charlotte, NC",Matthew Hall,Matthew2917,0,,711845899740155905
2016-03-22 02:26:06,A good cheerleader is not measured by the height of her jumps but by the span of her spirit.,50,167,False,en,"Topeka, KS",Sarah Mitchell,SHScoachsarah,7,,712103026379468800
2009-06-22 18:35:17,The Association of Community Cancer Centers (ACCC) is the leading education and advocacy organization for the multidisciplinary cancer care team.,2493,2416,False,en,"Rockville, MD",ACCC,ACCCBuzz,8439,Eastern Time (US & Canada),49718615
2014-07-08 20:49:38,,194,736,False,en,,N Bell,deelzqqtlpv3,209,Pacific Time (US & Canada),2612306678
2015-12-01 12:53:53,"Hello,this is Caroline from Jidong Wood Furniture,we are professional on children furniture,American furniture,European furniture etc.",0,10,False,zh-CN,,Caroline,JidongFurniture,12,,4420629313
2009-04-27 02:11:30,Student. Coffee Addict. #Skimmbassador. Digital Manager.,1173,1977,True,en,"Topeka, Kansas",Matt! 👨🏼‍💻,mattlara2015,33021,Central Time (US & Canada),35637918
2013-02-24 15:45:09,Father of Nicole&Jared ..Over the road trucker and father:;-),169,415,False,en,KANSAS,LarryDean,LDPicotte,210,,1215832814
2016-02-19 16:48:34,Partnering with the heroes of Healthcare IT for your #Epic EHR needs at #Huron. 🏥 👨‍💻 👩‍⚕️ 🚑,94,419,False,en,"Madison, WI",Kevin Thornberg,MadisonEpicHero,97,Central Time (US & Canada),700723659606851585
2013-06-21 01:32:05,,5,74,True,en,,Terri Dean,flashdink,27,,1535459324
2016-01-05 23:13:01,"Our mission is to make lives easier, healthier, & happier. We share recipes, event info, & more. Order groceries through Aisles Online: https://t.co/eLlIL5Q0CC",123,65,False,en,"Topeka, KS",Topeka Hy-Vee,HyVeeTopeka,1369,,4715777977
2015-11-10 02:00:00,"Laundry Software & RFID Specialists #Linen & #Laundry Management for #hospitals, #hotels & commercial laundries",677,1088,False,en,United States,Centrex Technologies,CentrexTech,2366,Pacific Time (US & Canada),4185389720
2009-02-26 20:20:23,"Marketing @NewContext | Independent Consultant, R+F | #MarTech | #MarCom | #CorpCom | #Content | #Engagement | #SocialCommerce | #Culture | #Mom",1983,4038,True,en,KS,Emily Marquart,Emarquart,3238,Central Time (US & Canada),22055938
2014-07-18 00:16:00,in this wasteland that I'm living there is a crack in the door filled with Light- and it's all that I need to shine.,95,356,False,en,my own little corner,Frozen Nozen,blindfaithhope,749,,2655241236
2012-10-03 18:17:13,"HMN provides quality full-service architectural and interior design in healthcare, justice and education buildings.",558,352,False,en,"Overland Park, KS","HMN Architects, Inc.",HMNArchitects,629,Central Time (US & Canada),860119128
2009-02-24 16:04:09,6 & 10pm Emmy Winning News Anchor. 34 years at @KMBC (Links & RT's are NOT endorsements. Opinions are mine.) Husband to the wonderful @RadioDana on @KMBZRadio,26752,13300,True,en,Kansas City,Kris Ketz,KrisKetzKMBC,173348,Central Time (US & Canada),21765964
2009-03-27 04:49:33,,24,348,False,en,,Katie,Katie32609,0,,26952700
2015-11-03 14:53:11,,8,45,False,en,,Tammy Gasperich,kansasflygirl,5,,4113911834
2011-02-22 01:12:49,"I've got my ears to the scanners, my eyes to the TV and I'm always looking for the next bit of breaking news. If you've got a tip, be sure to send it my way.",909,1163,False,en,The Assignment Desk,Angela Smith,DigitalDiva12,7289,Eastern Time (US & Canada),255774020
2014-07-01 08:09:47,,7,66,True,en,,Randy.Easter ,easter_701,1,,2659217231
2015-10-31 00:33:31,,24,96,False,en,,Kristina Peavler,JKPeavlerLife,39,,4074053370
2009-08-28 18:39:03,Work for the top hospitals in the world.  Search jobs and post your resume for FREE.,672,418,False,en,,Magnet Hospital Jobs,MagnetJobs,1974,Pacific Time (US & Canada),69660852
2015-05-22 19:43:18,Premier Venue with a spectacular view of the Kansas Capitol and rooms that you will find perfect for any type of event.,311,864,False,en,"Topeka, KS",Dillon House Events,DillonHouse1911,105,Pacific Time (US & Canada),3223621904
2010-10-01 15:32:11,"CSols, Inc. is the premier Laboratory Informatics Consultancy providing strategic planning and selection, implementation, & computer system validation services.",701,579,False,en,"Newark, Delaware","CSols, Inc.",CSolsInc,6603,Eastern Time (US & Canada),197463459
2012-08-25 12:56:55,,20,326,False,en,,James Turner,jamesturner774,26,Pacific Time (US & Canada),780266935
2013-02-06 22:41:19,"Christian, husband, father. Parent Engagement Coordinator for @KCSL Tweets/RT not endorsements, nor views of associated organizations.",687,2265,True,en,"Kansas, USA",Dana Book,topekadad,368,,1155317299
2010-11-06 01:27:30,"Founded in 2009, Loopback Analytics is a pioneer in empowering health systems and post-acute care organizations to more effectively manage care transitions.",156,251,False,en,"Dallas, Texas",Loopback Analytics,loopbackllc,216,Central Time (US & Canada),212424127
2015-10-12 17:53:50,,35,466,False,en,,LewisMccullough,healthsys02,0,,3939118539
2014-12-16 21:27:35,,48,31,False,en,,Jen Whitaker,JenMtnliving99,82,,2932714340
2015-09-17 18:53:04,"Helping Topeka become economically sustainable and intellectually diverse by supporting the social, economic, physical and educational success of all residents.",26,34,True,en,"Topeka, KS",BioTopeka,BioTopeka,180,Central Time (US & Canada),3596912893
2009-09-06 22:48:21,,618,4060,True,en,"Topeka, KS",Adrian Guerrero,javawan,2401,,72143634
2009-03-15 00:13:54,,7,9,False,en,,Barbara Keil,bkeil04,2,Central Time (US & Canada),24455909
2014-08-12 14:39:07,TreanorHL Health provides architecture and interior design services that improve patient outcomes and enhance wellness.,151,140,True,en,,TreanorHL Health,TreanorHL_HC,158,Central Time (US & Canada),2726442835
2013-07-21 15:34:23,"RN, BSN Stormont-Vail Healthcare. I enjoy football, basketball, shopping, boating, fishing, hunting, being outdoors and my pets.",141,340,True,en,"Berryton, KS",✨Georgina Lutz✨,onegeorgiegirl,435,,1610779118
2015-09-08 18:27:57,We are leaders of the BUILT environment. Lead the charge with us. #TheFutureIsBuilt #KansasCity #StLouis,316,832,True,en,"Missouri, USA",Built Interior,builtinterior,1105,,3590246303
2012-06-26 16:16:44,,109,106,True,en,,Lisa Carlton,hrlisa,52,,619210805
2010-03-05 15:05:29,"Promoting positive youth behaviors by supporting diverse Kansas families and communities through education, networking and advocacy",389,237,False,en,"Topeka, Kansas",KsFamilyPartner,KsFamilyPartner,958,Central Time (US & Canada),120128447
2011-07-02 19:40:41,,7,48,False,en,,Carolyn Conaway,cjcpnp,11,,328123622
2009-04-26 15:37:55,"I'm a house wife who's obsessed with Fifty shades of Grey, American Horror story and Tim Burton films. I'm also a fan girl",62,208,True,en,topeka ks,Elizabeth Kern,wildcat05,3909,,35489046
2015-07-11 18:30:40,,42,187,True,en,,Teresa Schneider,TeresaS33791005,195,,3276394584
2012-12-07 17:14:54,"Compelling creative. Brand development. Visual Merchandising. Store design. Specializing in: consumer goods, retail, restaurant, and hospitality.",396,1268,True,en,Kansas City,Britewerks,britewerks,881,Pacific Time (US & Canada),995483570
2012-04-03 19:07:07,"We are here to provide a resource for the advancement of Orthopaedic practice executives, administrators and office managers in the Midwest Region.",117,259,True,en,,Midwest AAOE,MidwestAAOE,99,Pacific Time (US & Canada),544514573
2014-03-10 18:37:02,A community of clinicians and experts committed to furthering transradial access through ongoing training and collaboration. #ThinkRadial,1611,1659,False,en,"Salt Lake City, UT",ThinkRadial,ThinkRadial,751,,2382531769
2010-10-26 21:53:29,,172,483,True,en,"Wamego, KS ",mallory colwell,malloryjill,3766,Central Time (US & Canada),208222286
2009-03-31 19:42:35,,84,219,True,en,,Crystal Sheets-Irwin,Crystalina83,64,,27944793
2013-03-18 15:19:45,,25,185,True,en,"Hoyt,Kansas",Dawnita Tollefson,djtollefson,84,,1278014750
2012-06-15 22:12:45,,167,343,True,en,,Hayley Finch,hay_pritchard,209,Hawaii,609555588
2013-09-19 19:38:02,,14,18,False,en,,Bryan Mitchell,Banzai9463,794,,1884174464
2009-06-24 15:18:23,Information about KHA educational programs and programs of our affiliated organizations.,148,138,False,en,"Topeka, KS",Jennifer Findley,khaeducation,230,Central Time (US & Canada),50332633
2011-03-12 03:11:17,,49,181,False,en,,Michael Hamilton,hammichael00,254,,264560725
2010-01-18 14:23:35,"I am honest and open, truly a down to earth type of girl that is understanding and caring.",271,1775,False,en,"Topeka, KS",Brandi Hall,brandijwarner77,350,Central Time (US & Canada),106103797
2009-01-19 18:45:36,,51,134,False,en,"Topeka, KS",Amy Bauer,abauer76,1,Central Time (US & Canada),19195440
2012-05-25 04:29:18,"Created by a 16 Year Old! | Inflatables, Games, Fun Foods & More | Owned by Haney Entertainment, LLC.",326,590,True,en,"Topeka, KS",Carnival Guy®,carnivalguy,665,Central Time (US & Canada),589684217
2012-09-08 20:38:30,"US Army Veteran, Down Syndrome Advocate, EMS, College Football, Storm Spotter, CERT",96,740,True,en,NE Kansas,Brad Clark,kansasemt11,1097,Central Time (US & Canada),811660184
2014-04-11 19:34:42,Interactive Health is the leading provider of comprehensive outcomes-based wellness and health management solutions.,1701,1267,False,en,"Schaumburg, IL ",Interactive Health,interactivehlth,7753,Central Time (US & Canada),2439006860
2014-05-02 21:39:05,,15,26,False,en,,Diane Shaw,dianeshaweas1,25,,2474564490
2013-06-27 00:14:52,"I was born at Coffey County Hospital. Now I'm the director of marketing there. Either I haven't gone very far, or I've gone full circle.",24,121,False,en,,Tracy Jones Campbell,TracyCampbell85,35,,1549365552
2014-08-06 15:08:24,"Topeka Health & Wellness Magazine is an effective, affordable way to reach local healthcare consumers with the information they need to live healthy lives.",172,169,False,en,"2611 SW 17th St., Topeka, KS  ",TopekaHealth&Wellnes,TopekaHealthMag,109,Central Time (US & Canada),2712248323
2015-05-18 19:27:53,Official page for KidsFest USA | Find your local KidsFest at https://t.co/sFGkyeY5M1,282,1026,True,en,Midwest,KidsFest,KidsFestUSA,338,Pacific Time (US & Canada),3288873023
2015-05-17 13:42:42,,1,17,False,en,,Adam Weaver,adamjamesweaver,0,America/Chicago,3207274746
2015-04-07 17:49:48,Manufacturer and Supplier of Healthcare and Hospitality Products.,14,109,False,en,"Coffeyville, Kansas",Alderman Acres Mfg. ,AldermanAcres,20,Central Time (US & Canada),3144918670
2009-04-29 22:44:25,"Husband, father, Kappa Sig. Rock chalk! #foreverroyal",622,858,True,en,"Topeka, KS",Alex Dingman,broadcastDING,14852,Central Time (US & Canada),36507958
2010-09-14 23:07:45,"Specializing in nationwide physician jobs for Emergency Medicine, Internal Medicine, Family Practice, Hospitalist and Urgent Care.",451,1765,False,en,"St. Louis, MO",KPS Phys. Staffing,kpshealthcare,7789,Central Time (US & Canada),190827692
2012-05-21 21:55:42,"With more than 150 years under our belt, McCarthy Building Companies, Inc. is one of America’s premier 100% employee-owned commercial construction companies.",10321,1443,False,en,,McCarthy Building Co,McCarthyBuild,2826,Hawaii,586995537
2010-09-23 21:11:29,"im a 28
yr old workaholic makin that money every chance i get hope to own my own business one day",197,2964,True,en,"Tonganoxie, ks",Kenneth Russell,ksman913785,88657,Central Time (US & Canada),194318409
2012-10-10 21:35:37,"The American Heart Association in Kansas is focused on building healthier lives, free of cardiovascular diseases and stroke. Join our heart-healthy journey!",2578,2199,False,en,Kansas,AHAKansas,AHAKansas,16291,Central Time (US & Canada),872532576
2015-04-08 23:43:10,,22,52,False,en,,Nurse Byrd,nurse_byrd,108,,3149778940
2010-04-14 20:47:59,"HCCI is a 501c3 nonprofit agency, founded in 1972. HCCI is licensed and regulated by OSBC (CSO License number 0000003).",99,121,True,en,"Topeka, KS","HCCI, Inc.",growyourdough,227,Eastern Time (US & Canada),133027851
2015-04-06 17:15:33,,13,78,False,en,,Hospital 100,H100_Conference,10,,3141120395
2008-12-30 20:54:24,"Founder of Bajillion Agency, specializing in brand development, storytelling and marketing strategy.",788,957,False,en,"Topeka, Kansas",Andrea Engstrom,AndreaEngstrom,829,Central Time (US & Canada),18488228
2014-09-26 16:26:34,Hey girl you must be a gift card to Radio Shack bgcause I hase absolutely no idea what to do with you tonight. :(,56,736,False,es,,maria,mariaespana167,410,,2833068546
2013-09-23 07:28:22,"Together, we create life-changing wishes for children with critical illnesses.",451,413,False,en,Kansas,Make-A-Wish Kansas,MakeAWishKS,1173,Central Time (US & Canada),1896527335
2015-04-10 19:45:50,"oncology education program manager, social media coordinator, T1D parent, gifted parent, running enthusiast, reality junkie, pleasure reader",189,150,True,en,"Missouri, USA",Traci McCarty,tracimccarty71,5763,,3148503660
2015-04-10 18:37:17,Local independent insurance agency specializing in Medicare plans.,77,142,False,en,"Topeka, KS",Century_Health,CenturyHealthKS,2807,,3148457262
2013-03-13 14:07:45,"Associate Communication Officer for @kansashealthorg | Former reporter: @HutchNews, @KHIorg & @GCTelegram | @KUJournalism grad | RT ≠ endorsements",808,846,True,en,"Wichita, KS",Ashley Booker,ashleybooker27,3450,Eastern Time (US & Canada),1264541214
2013-08-31 20:53:21,"Um I will have to come back to this! Sorry! 
I am for gun rights! and enjoy camping on horseback.",3,37,False,en,,Jeanette Rees,jkrees61,7,,1716803563
2015-04-02 13:19:26,"Midwest Cancer Alliance: a membership organization advancing the quality & reach of cancer prevention, care & survivorship.    Image/KU Rural Health Photo 2013",431,351,False,en,Midwest,MCA,MidwestCancer,1859,Central Time (US & Canada),3131348908
2013-01-21 00:23:14,"public relations professional, optimist, EMAW!",186,542,False,en,Kansas ,Misty Kruger,MistyKruger3,98,Central Time (US & Canada),1107652862
2010-06-20 20:31:20,"Director of Operations and IT for KindredBio Dad.Entrepreneur.Author.Lover of all things technology. Of course, all comments here are my own",224,286,True,en,US,Russell Radefeld,RussellRadefeld,477,Mountain Time (US & Canada),157764771
2011-02-11 17:06:28,"Nursing student, former homeschooler, in love with Jesus and living in the Midwest",120,311,True,en,,Katherine Gardner,KatieGardner4,1196,,250712650
2009-04-07 15:34:08,"A quarterly mag bringing stories, people and sights of Topeka with a fresh vibe. On Twitter we do #TodayInTopekaHistory. All tweets from editor unless noted.",3452,1224,False,en,"Topeka, KS",Topeka Magazine,TopekaMagazine,2310,Central Time (US & Canada),29471410
2010-11-12 19:53:11,,169,2395,False,en,"Topeka, KS",R.Y. Scraper Justus,ScraperJustus,2433,Central Time (US & Canada),215010873
2010-05-26 04:35:22,"Personal tweets by Zackary Davis...
Yes, the real one",200,460,True,en,"Topeka, KS",Zackary Davis,ZackaryDavis,942,Central Time (US & Canada),148224175
2009-02-03 19:17:47,"Prairie Dog|TCG applies consumer marketing disciplines to healthcare, uncovering opportunities and emotions typically overlooked or unrecognized.",151,258,False,en,"Kansas City, MO",Prairie Dog|TCG,PrairieDogTCG,179,Central Time (US & Canada),19994923
2013-01-03 03:43:35,"The YMCA of Topeka. We build strong kids, strong families, and strong communities.",522,832,True,en,"Topeka, KS",YMCA of Topeka,YMCATopeka,330,Central Time (US & Canada),1056790520
2015-02-25 14:49:04,"Director of Operations at NASCO. Co-op nerd, aspiring poet and novelist, part time foodie, and accomplished day dreamer.",120,446,True,en,"Chicago, IL",Katherine Jennings,KatElizabethJ,97,,3062154021
2011-05-19 14:24:13,,51,152,False,en,topeka ks,Ray E Downing III,RayDowningIII,31,,301463171
2012-03-23 12:51:35,,132,471,True,en,,Lori Thurber,LoriThurber,140,,534350892
2015-01-29 21:54:41,,8,59,False,en,,Anita Miller Fry,anitamillerfry,4,Central Time (US & Canada),3002526206
2013-09-26 20:15:38,"Biologics, Inc. is now a part of McKesson Corporation. Our combined organization will help better support patients and expedite access to oncology therapies.",534,454,True,en,"Cary, NC","Biologics, Inc.",BiologicsInc,1771,Pacific Time (US & Canada),1909053324
2010-06-22 20:24:02,Healthcare Content Strategist | Healthcare Marketing Network Co-Founder| Text Broker | Oncology Nurse Activist  AKA @TheSocialNurse,2784,2523,True,en,"Kansas, USA",Carol Bush,cbushrn,9207,Mountain Time (US & Canada),158477852
2011-07-11 22:10:43,"Digital Marketing Strategist at jones Huyett Partners, Topeka Ks.",153,739,False,en,"Topeka, KS",melissa white,melissayeah00,1054,,333670143
2012-06-24 11:34:27,,92,153,False,en,,Shelly Morgan,lhsloinsmom,281,,617041507
2009-03-30 16:35:36,"We empower young people in Kansas to own their economic success through financial literacy, entrepreneurship and work readiness.",287,389,True,en,"Topeka, KS",JA of Kansas,kansasja,1501,Central Time (US & Canada),27675230
2010-11-16 15:34:13,Mayo Clinic Public Affairs.Health & Media News. Mizzou Alum.  Opinions are my own.,309,801,False,en,,Alyson Gonzalez,AlysonMarjorie,2307,Central Time (US & Canada),216383189
2014-12-29 14:10:34,,25,276,False,en,,john morgan,john33843474,0,,2950291650
2014-12-28 21:12:40,,15,76,False,en,,Tyson Sterling,Ty_Sterling,0,,2946787812
2014-12-25 20:17:25,,24,166,False,en,"Topeka, KS",Krista Smith,ksmithbsn,84,,2941208213
2014-12-23 18:22:06,,13,95,False,en,,Landmark Bar & Grill,Landmarkbargril,0,,2941030674
2014-12-22 22:33:10,,18,60,False,en,,Ramada Topeka West,RamadaTpkaWest,2,,2939998566
2012-08-14 17:49:31,BCS General Mgr.,24,157,False,en,"Phoenix, AZ",Jim Egelston - BCS,JHEgelston,40,Arizona,757582370
2013-09-11 17:20:29,Total Management Solutions for Clinical Laboratory Information Systems.  Laboratory IT Compliance.  IT's in our Blood.,108,456,True,en,"Phoenix, Az",BC Solutions,BCSolutionsAZ,514,,1854902496
2014-11-28 21:16:24,"Cowork and Makerspace in Topeka, KS - Official twitter, accept no substitutions!",781,1152,False,en,"Topeka, KS",712 Innovations,712Official,1417,,2913084380
2011-07-27 19:23:06,,20,207,False,en,,Joe,joeblecha223,15,Central Time (US & Canada),343565991
2014-01-24 19:45:47,modernizing the multibillion-dollar construction industry,129,234,True,en,Kansas City,KerriBrocker,KCDIRTT,256,,2308873688
2009-04-12 05:00:18,writer father latebloomer,300,1215,False,en,Topeka,Cale Herreman,caleherreman,2559,Central Time (US & Canada),30605014
2009-08-06 02:19:52,"See everything, overlook a great deal, correct a little Pope John XXIII",525,889,True,en,"Allen, Ks",Chris Corum,CMCorum,4398,,63338530
2008-10-20 21:23:33,"Brainfood, creative inspiration & high fives from the agency that celebrates the Power of Partnership (as well as the quirky, fun & downright clever).",4000,1745,True,en,"Topeka, KS",joneshuyettPartners,jhpadv,7447,Central Time (US & Canada),16875239
2007-09-13 03:01:55,"Competitor that loves my family, funny people, my job & sports. Director of Marketing for DARI. Bowhunter. Mom of 3. Royals fan. Artist.",2534,1538,False,en,"Topeka, KS",Alissa Menke,alissamenke,16830,Central Time (US & Canada),8846142
2009-03-03 22:25:16,,5,42,False,en,,monica,4boysandmom,1,,22691364
2013-09-24 20:24:40,March of Dimes leads the fight for the health of all moms and babies.,214,136,True,en,"Kansas, USA",March of Dimes KS,MarchofDimesKS,1360,Eastern Time (US & Canada),1901663192
2009-08-10 21:23:14,Shawnee County Health Department- Leading the way to a healthier Shawnee County,1759,574,True,en,"Shawnee County, KS, USA",SN Co. Health Dept.,SnCoHealth,1380,Central Time (US & Canada),64519445
2009-09-15 18:40:21,I currently work for the American Heart Association as a Customer Care Specialist.,69,311,True,en,"Topeka, KS",Kaitlin Buek,cllmek8,117,Central Time (US & Canada),74519530
2012-02-07 17:33:49,"Mom, wife, Librarian w/ a capital L.",15,128,True,en,,Kim harp,harp_kim,17,Central Time (US & Canada),485874772
2008-12-06 12:54:56,,252,728,True,en,Kansas USA,Linda Reed,reedsonthefarm,365,Central Time (US & Canada),17921216
2010-12-22 23:44:34,Activist. Mom/chauffeur. Nonprofit unicorn. School board member. Jayhawk. Eternal optimist.,1192,2048,True,en,"Topeka, Kansas ",Christie Appelhanz,ChristieAppel,1786,Central Time (US & Canada),229650493
2014-10-17 02:25:44,,0,33,False,en,,Lisa,tandtstock,115,,2859154998
2009-07-01 02:53:50,I'm decidedly undecided on just about everything.,23,113,False,en,LFK,Amber Munoz,UndecidedAmber,72,Central Time (US & Canada),52611269
2012-07-08 02:45:36,"“Give me your tired, your poor, your huddled masses yearning to breathe free.” #peoplefirst #countryB4party #theresgottobeabetterway #healthymomshealthybabies",40,342,False,en,"North Carolina, USA",Harold Marion,Harold_Marion,304,Pacific Time (US & Canada),629841688
2011-12-06 04:09:25,,54,177,False,en,,Kerry Kile,kkile2,9,,429578569
2011-05-17 17:45:11,"The American Heart Association of Kansas City is dedicated to building healthier lives, free of cardiovascular diseases and stroke.",3110,3012,True,en,Greater Kansas City Area,AHA Kansas City,AHAKansasCity,14114,Central Time (US & Canada),300388221
2013-05-28 00:45:12,Media Relations Specialist @Garmin | Former Newsie | Two-Time Emmy Award Winner | Denver to KC | #T1D,674,1113,True,en,"Olathe, KS",Stephanie Schultz,StephCSchultz,1277,Eastern Time (US & Canada),1463490728
2009-08-11 19:44:52,"Official source for fun in Topeka, KS 🌻",5945,1362,True,en,"Topeka, KS",Visit Topeka,VisitTopeka,14750,Central Time (US & Canada),64802895
2010-09-17 23:55:35,"Outpatient Data Quality Specialist - aka Auditor, AHIMA Certified ICD10",48,107,True,en,,Sheli Shockley,SheliShockley,85,Central Time (US & Canada),192020247
2014-06-20 18:39:19,,22,23,False,en,,Mary,mjmtell,11,,2626361224
2012-12-14 22:42:41,"Positive Connections is a community-based organization that provides HIV+ individuals and offers FREE HIV, Syphilis and Hep C Testing.",442,1517,True,en,"1001 SW Garfield, Topeka, KS",Positive Connections,PCNEKS,915,Central Time (US & Canada),1012113488
2010-07-27 22:28:32,Oncology Rehab Partners (ORP) is an innovative healthcare company providing turn-key products to hospitals and cancer centers for cancer rehab.,879,632,False,en,Worldwide,Oncology Rehab,OncologyRehab,1313,,171675968
2014-08-20 18:02:26,"MDNews is the premier local market, business & practice management publication for doctors & physicians in the Greater Kansas area. Powered by @TrueNorthCustom",277,1429,False,en,Greater Kansas,MDNews GreaterKansas,MDNewsGRTKansas,3199,Pacific Time (US & Canada),2749864849
2009-06-04 18:07:27,"Staff writer and photographer since 1981 at The Topeka Capital-Journal. News tip? Message me on Twitter, call (785) 295-1195 or email phil.anderson@cjonline.com",3331,590,True,en,"Topeka, KS",Phil Anderson,Philreports,21510,Central Time (US & Canada),44677050
2011-03-08 20:52:12,"Tennessean by birth, Kansan by choice, and living the American dream in the Heartland.",674,1148,True,en,"Topeka, KS",Jim Gardner,jgardner66610,2124,Central Time (US & Canada),262822957
2012-05-08 20:39:24,,67,1655,False,en,,EdmundGRoss,EGR1861,11,Central Time (US & Canada),574856049
2013-04-18 21:04:45,"Better Infection Control Starts with GOJO.  For over 70 years, GOJO has been a leader in the areas of infection control and skin science.",1080,1605,False,en,"Akron, Ohio USA",GOJO Healthcare US,GOJOHealthcare,2099,,1362906476
2009-08-22 22:31:53,,18,131,False,en,,Charles holthaus,Chuckhaus,1,,68001188
2011-04-05 21:42:36,"Experienced Energy Consultant and Broker, Licensed Nationally- Spend Less, Use Less, Go Green.",348,1190,False,en,Milton MA,EarlyBirdPower,EarlyBirdPower,727,Atlantic Time (Canada),277706815
2014-07-25 16:02:52,Making the healthier choice the easier choice.,148,75,True,en,,Healthy KS Hospitals,HealthyKsHosp,107,,2679937651
2009-06-25 13:55:40,"Family Service & Guidance Center is a community mental health center located in Topeka specializing in services for children, adolescents & families.",588,103,True,en,"Topeka, Kansas",FSGC,fsgctopeka,849,Central Time (US & Canada),50651508
2009-11-02 17:24:51,"Health Forum, a strategic business enterprise of the American Hospital Association, provides print/online media, vital hospital data, and innovative education.",11332,2239,False,en,,Health Forum,ahahealthforum,17799,Central Time (US & Canada),86985626
2011-02-01 05:45:14,Travel RN 🌎•🌻=🏡•2 Corinthians 5:7,430,401,True,en,,Kaitlin,thepukach,4146,Mountain Time (US & Canada),245664108
2014-07-07 04:25:23,,57,924,False,en,,ZiggyGrandotPeaks2,Ziggy1lo,1,,2608885380
2010-08-29 21:15:54,"Lead Developer for responsive websites, native Android and IOS applications, and web applications. Also work on IMS COBOL and PL/1 application projects.",73,275,True,en,,John Gonzalez,JohnEdwardGonzo,257,,184545231
2014-03-12 17:59:43,"Works for Midland Care, sports fan of my kids, married to a great guy and lives in Topeka, Kansas.",27,50,False,en,,Brenda Williams,BwilliamsTK,8,,2385612204
2012-06-15 13:22:35,,25,89,False,en,"Topeka, KS",Kristin Perez,kperez0125,33,,609092678
2012-09-20 18:23:13,American Red Cross Disaster Program Manager for Sixty Counties in Central and Western Kansas.,73,151,False,en,"Kansas, USA",Debra Tucker,DebraTucker16,874,,836100913
2010-08-02 02:24:24,"Jesus loving, mommy and wife, Whovian and bookworm, fur momma and Diet Coke fan ❤️",309,625,True,en,Topeka KS ,🌻Meredith Snepp🌻,m_snepp,4882,Central Time (US & Canada),173675457
2011-06-09 04:58:11,"Neurologist focused on stroke, emergency neurology, telemedicine, telehealth, connected care, medical education, health economics, and evidence based medicine",1586,1593,True,en,Professor of Neurology ,Bart Demaerschalk,Demaerschalk,3956,Pacific Time (US & Canada),313756647
2014-03-06 22:20:34,We are a non-profit and pride ourselves on providing care regardless of our patients ability to pay. We offer skilled care in your home when you most need help.,511,596,False,en,"200 Maine, Suite C, Lawrence",Douglas County VNA,kansasvna,1046,Central Time (US & Canada),2375978790
2009-01-23 21:15:46,We deliver credible research and analysis enabling policy leaders to make informed decisions to improve the health of Kansans.,4375,1151,True,en,"Topeka, Kansas",KS Health Institute,KHIorg,4370,Central Time (US & Canada),19414469
2010-07-11 09:40:14,,17,105,False,en,"Topeka, Kansas",Susan Athey,Suzeq1010,51,,165355047
2009-04-28 15:34:19,,458,163,True,en,"Rochester, MN","David Hayes, M.D.",DavidHayesMD,35,Central Time (US & Canada),36095017
2009-05-29 02:25:23,"Official Twitter Account for ThedaCare, a non-profit health provider in Northeastern Wisconsin.",4705,3907,False,en,"Appleton, WI",ThedaCare,ThedaCareHealth,18547,Central Time (US & Canada),43251509
2014-02-10 21:40:07,The @MayoClinic Care Network is a network of like-minded orgs which share a common commitment to improving the delivery of health care. #MCCN,1578,731,False,en,"Rochester, Minn.",Mayo Care Network,MayoCareNetwork,623,Central Time (US & Canada),2337292014
2014-05-11 03:41:35,,18,43,False,en,"Topeka, KS",Ashley Brock,ashbroaprn,0,,2540272030
2012-12-07 16:37:36,Enjoying life and Spreading Good News,46,97,False,en,,Niki Maloney,NikiThiessen,289,,995426929
2012-12-17 19:36:26,"Native Kansan, KU Grad, Communicator for AARP Kansas, Wife, Mom. Views are my own.",356,467,True,en,"Topeka, Kansas",Mary Tritsch,MaryKT1,616,,1018168706
2009-03-10 05:17:14,"Father, outdoorsman, proud Kansan. Emmy Award winning Morning & Midday Anchor at @wibw.",3542,1247,True,en,"Topeka, KS",Chris Fisher,wibwChris,5146,Central Time (US & Canada),23560086
2009-03-20 20:58:09,"Do you ever wonder what $900 worth of meth and steak looks like? Me too, all the time.",272,1496,True,en,785 #listenlongerkc #NOTO,Taylor Hayes,taylorannhayes,4189,Central Time (US & Canada),25574896
2013-07-30 18:10:10,,21,90,False,en,,erin mcguire,mcguire4kiddos,29,,1633474914
2013-12-06 16:50:53,,46,492,True,en,,Nicole Negrete,twinmama7810,528,,2233253916
2010-11-02 18:16:49,,32,175,False,en,,KStrathman,krstrathman,370,Central Time (US & Canada),211238512
2010-01-26 19:23:42,"Saving the world, one tweet at a time. Tweet so hard that shit cray. #MaleNurse",263,523,True,en,"Lawrence, KS",Zach Heisler,ZacharyHeisler,1005,Central Time (US & Canada),108692504
2009-05-29 21:26:06,,637,383,True,en,"Topeka, Kansas",Topeka Ramada,TopekaRamada,827,Central Time (US & Canada),43413409
2009-05-15 18:45:13,"The Kansas Hospital Association or KHA is an organization of hospitals working together to improve access, quality and the affordability of health care for all",2516,429,True,en,"Kansas, USA",Kansas Hospital Assc,kansashospitals,3986,Central Time (US & Canada),40303906
2014-05-02 00:19:42,,1,8,False,en,"Topeka, Kansas",Topeka Hospice,Topekahospice,0,,2522226321
2013-10-17 13:47:23,"William Newton Hospital is an institution of caring where patients choose to come, employees choose to work, and physicians choose to practice.",271,240,True,en,"Winfield, Kansas",William Newton Hospital,WNHcares,417,Central Time (US & Canada),1966839018
2009-03-22 22:22:50,,49,322,False,en,,Holly Griffith,hollice14,15,,25893496
2008-01-17 22:02:19,"Most likely to tweet about Social Work & Social Justice, Healthcare & Hospice, Coffee & Cats. *Royals baseball in the summertime.*      Tweets are my own.",639,1503,True,en,"Topeka, Kansas",Laura,TheGilb84,3971,Central Time (US & Canada),12375422
2013-09-24 22:02:22,Your Vision. Your Banking.,297,130,False,en,Kansas,Envista Credit Union,EnvistaCU,1194,,1901888262
2010-05-20 02:26:01,,162,1616,True,en,USA,Debra J Main,momoftheheart,1096,,145868503
2009-03-16 13:49:58,Producing and delivering the nation's top corporate video since 2000. Used by Fortune 500 companies as an end-to-end video solution.,508,1483,True,en,"Woburn, MA",MadDash,MadDashVideo,1443,Eastern Time (US & Canada),24692983
2011-09-27 01:18:29,USM DPT 2021. Baseball fanatic.,433,770,True,en,At a baseball stadium near you,Shelby,shelby_ferguson,8489,Central Time (US & Canada),380666927
2008-12-13 05:10:10,Updates from 314e Corporation,208,652,False,en,"Fremont, CA",314e,314e,442,Pacific Time (US & Canada),18094085
2009-09-22 14:34:00,,13,170,False,en,,Ken Stone,KenLStone,96,Central Time (US & Canada),76347566
2012-02-12 17:00:47,"Speech-Language Pathologist!  Passion for pediatrics with reading & language disorders.  I love power tools! gardening!, but most of all my FAMILY.",79,150,True,en,Kansas,Pamela Canfield,CanfieldSLP,51,,490527814
2009-02-28 00:54:44,,9,257,False,en,,Brenda Mills,brenda_mills,39,Mountain Time (US & Canada),22212776
2008-11-28 03:32:42,Marketing | Communications | Design,25,87,True,en,U.S.- Midwest,TMotley,TMotley,126,Central Time (US & Canada),17697802
2011-10-14 13:47:26,"Local, not-for-profit care provider for 40 years. Offering end-of-life care, help aging at home, caregiver support + community grief counseling",895,1654,False,en,Northeast Kansas,Midland Care,MidlandCares,3006,Central Time (US & Canada),390743588
2014-03-30 14:03:45,,9,19,False,en,,Billie Manderick,BManderick,7,,2419046376
2009-05-05 01:17:25,,702,35,False,en,,Patty Dick,PattyDickKS,537,Central Time (US & Canada),37818237
2011-09-29 18:06:10,,129,252,False,en,,ashley jones,ThatOneMomLife,3401,Eastern Time (US & Canada),382225251
2012-08-08 15:17:38,,17,129,False,en,,Lori Peltier,lorij_RN,3,,745387525
2013-11-03 15:35:21,"I live in Kansas. I am singie and I love wrestling. Sting, Miz, HBK, Shield to name a few. My joy is my dogs. Am a KU Jayhawk basketbali fan..",226,1451,True,en,Kansas,Danita Brunner,danij1956,239,,2172355009
2013-02-28 22:20:51,,14,94,False,en,"Topeka, KS",Vinecia Haugsness,Vineciah,4,,1228505557
2010-11-17 03:36:09,,56,145,False,en,,G Schultes,67rae,95,,216571760
2014-01-24 23:05:10,"Business owner, marketer, non-profit consultant, writer/reader, civility defender, pizza lover, runner, traveler, wife, mother",103,321,False,en,,Jill Sittenauer,JillSittenauer,661,,2309083986
2010-06-04 20:27:46,,132,526,False,en,"Topeka, KS",Cole Edwards,Edwards2607,939,,152001155
2009-06-12 17:26:07,Love to workout and run. A confirmed weather and astronomy nerd!,198,905,True,en,"Topeka, Kansas",Larry Sanson,Respiraman,1967,Central Time (US & Canada),46700354
2013-08-11 18:05:15,Providing Insurance & Financial Services for Topeka Kansas and the surrounding communities,400,1280,False,en,"Topeka, Kan.",Jamie Hornbaker,TopCityAgent,216,Central Time (US & Canada),1663154413
2009-11-05 00:30:49,Runner - Chocolate Addict - 3-time Mom - State Farm Agent,1105,1064,False,en,"Topeka, Kansas",Jamie Hornbaker,Lil_Kansas_Mama,2855,Mountain Time (US & Canada),87575008
2012-02-22 22:00:22,"Former photographer at the Topeka Capital-Journal. Montana Journalism school alum, native Montanan, Kansan by choice. All opinions are mine.",659,1579,True,en,"Topeka, Kansas",Ann Williamson,AnnDubDub,7111,Central Time (US & Canada),500189916
2013-04-01 13:48:01,Account Executive at @Alego_Health,105,491,False,en,"Westlake, OH",Melissa Osborn,mosborn_alego,403,,1320383270
2011-04-06 22:56:22,,109,1931,False,en,,Adam Holthaus,adam50haus,98,Central Time (US & Canada),278258842
2012-03-15 19:20:29,,28,167,False,en,,Julie Johnson,johnson1132,32,,525668859
2010-03-05 15:29:38,"Working to increase child, family, and pet preparedness.",702,84,False,en,,Fred the Prep Dog,FredPrepDog,924,Central Time (US & Canada),120135155
2009-05-28 11:33:32,,61,209,True,en,Kansas,Randy Schumacher,rcr4life,893,Central Time (US & Canada),43091971
2010-04-05 14:59:38,"Vail CO local news, events, jobs and more! https://t.co/HEcwVRM7ZZ",3325,2245,True,en,Vail CO,Vail Local,Vail_Buzz,34086,Pacific Time (US & Canada),129829788
2008-12-11 20:47:42,Kansas Department of Transportation Public Affairs.  Account normally monitored Mon.-Fri. 8 a.m. to 5 p.m. CST. Road conditions? Go to http://t.co/XePLVYxubi,17731,952,False,en,"Topeka, Kan.",KDOT,KDOTHQ,19510,Central Time (US & Canada),18059870
2014-01-14 01:07:14,"Sharing the latest health and wellness information from Topeka, Kansas and around the world!",69,18,False,en,"Topeka, KS",WIBWHealth,WIBWHealth,830,,2290424414
2007-11-01 14:35:43,"Artist, Crafter, Sewing Novice, MCM Dweller, DIY nut, Wife, and MOM. Currently renovating my 1954 Mid-Century Modern home and building a world of my own.",332,553,True,en,Topeka Ks,Carrie Jo Gros,CarrieJoGros,604,Central Time (US & Canada),9853892
2009-04-09 16:30:40,Radiation Protection | Diagnostic Imaging | Safety & PPE | Laboratory | OR | Infection Control | Patient Positioning | Clinical Equipment | Anatomical Models,822,1960,True,en,"Norwood, Massachusetts",Universal Medical,UniversalMed,2128,Atlantic Time (Canada),30015321
2012-07-16 15:20:22,"Communications Manager for Midwest Cancer Alliance, the outreach division of KU Cancer Center",82,180,False,en,"Kansas City, MO",Laura Long,LLong4Health,113,Central Time (US & Canada),637047455
2009-07-13 18:18:27,Shawnee County Sheriff's Office,6439,349,True,en,"Shawnee County, KS, USA",Shawnee Co. Sheriff,ShawneeSheriff,2981,Central Time (US & Canada),56448052
2009-02-25 23:59:51,I'm the editor and director of audience development at The Topeka Capital-Journal and CJOnline in Topeka. Retweets aren't endorsements. K-State grad.,1273,376,True,en,,Tomari Quinn,Tomari_TCJ,6525,Mountain Time (US & Canada),21940469
2013-12-30 22:26:11,"Coffey County Hospital is a division of Coffey Health System, based in Burlington, Kansas.",56,72,True,en,"801 N. 4th, Burlington, KS",Coffey Co Hospital,coffeyhospital,123,,2269503728
2009-08-21 20:17:31,,3,10,False,en,,sJessica McClendon,Jmac5618,1,,67707238
2013-06-02 20:30:16,About USThe audio visual integration industry has evolved over the past decade to encompass a larger and more diverse field of applications.,63,622,False,en,,Always Sound Integra,ASI_Topeka,17,Eastern Time (US & Canada),1478147462
2012-03-26 20:54:00,"Brewster offers a vibrant, innovative retirement community, in-home support, exceptional rehabilitation services, and more!",95,154,True,en,"Topeka, Kansas",Brewster Place,Brewster_Place,88,Central Time (US & Canada),537639510
2009-03-23 13:32:24,"Risk Management, Compliance, Patient Safety, Hospital Prepardeness, Type III AHIMT, Deputy Chief /SHFD",32,256,True,en,Kansas,Jim Kilmartin,shfd251,823,Central Time (US & Canada),26000519
2009-05-06 19:22:20,,48,166,True,en,,Tina Long,TinaMLong,178,Eastern Time (US & Canada),38254461
2009-04-30 14:57:50,,2,40,True,en,,Charlene Marney,charm99,28,Eastern Time (US & Canada),36681249
2013-09-04 02:00:09,We are a cutting edge Audio Visual and Technology company in Topeka KS. We create solutions that work!,52,159,True,en,5816 SW Topeka Blvd Topeka KS,Always Sound,Always_Sound,92,,1727257238
2007-09-07 15:12:06,"news anchor for WIBW-TV, animal lover & runner",8398,987,True,en,"Topeka, KS",Melissa Brunner,Melissa_Brunner,35049,Central Time (US & Canada),8726072
2011-03-04 20:04:46,"ACC news on quality, accreditation, registries & more. Follow @ACCinTouch for other College news. ACC's social media policies: https://t.co/4DXswp4Dgf",888,639,True,en,"Washington, DC",ACC CV Quality,ACCCVQuality,3239,Eastern Time (US & Canada),260878135
2009-07-31 15:17:13,Leadership Communication Coaching for Executives & Management Teams,687,1028,False,en,Kansas,"Rich Drinon, M.A.",rdrinon,2024,,61793068
2009-08-27 20:48:56,"Pharma/Biotech+ Managed Markets + Huskers/Royals/Chiefs. Opinions mine, not employer.",1516,1981,True,en,Kansas City,Tom Peddicord PharmD,TomPeddicord,5872,Central Time (US & Canada),69400169
2011-06-16 18:32:56,We provide ultrasound and nuclear medicine equipment and service. Exclusive dealer for Mindray Ultrasound. Visit us on the web at http://t.co/WVRNSsIlOs,345,438,False,en,"Wichita, Kansas",Associated Imaging,AisImaging,204,Eastern Time (US & Canada),318587313
2012-12-19 18:48:37,,72,331,False,en,"Kansas, USA",Sarah G,inmyredhiheels,62,,1022664475
2009-03-26 17:35:00,"Founded in 1996 by practicing anesthesiologists, Somnia Anesthesia is a full service clinical anesthesia solutions partner.",2178,1818,True,en,"New Rochelle, NY",Somnia Anesthesia,SomniaInc,11967,Eastern Time (US & Canada),26800518
2009-08-03 15:36:21,,2,820,False,en,Washington DC,Green Frog,_GreenFrog,2,Eastern Time (US & Canada),62541506
2013-07-12 16:05:06,Warmer weather. Outdoor pets need lots of shade and plenty of fresh water.,128,998,False,en,"Topeka, Kansas ",Donna Wheeler,x0x_donna,1531,,1588834202
2011-09-13 05:14:46,,5,20,False,en,,Michelle Cole,capsmom18,13,,372657203
2012-05-27 21:05:13,,4,16,False,en,,Cassie,CassandraBigler,0,,592221585
2011-09-29 14:29:52,,27,52,False,en,,Nancy Burkhardt,NancyBurkhardt,6,,382118506
2013-06-19 18:03:23,,0,10,False,en,,Pam,PamBramlett,0,,1531578247
2013-05-16 10:30:53,Wife of US Navy veteran🇺🇸Mother of US Navy submariner🇺🇸#JesusIsLord #MAGA #Patriot #IStandWithIsrael. https://t.co/nP6MUlbJx4,185,388,False,en,United States,Andrea Thadison,Drea_dawn78,2830,,1432738645
