﻿"level","id","parent_id","object_id","object_type","query_status","query_time","query_type","name","message","type","metadata.type","talking_about_count"
"0","1","None","kutopeka","seed","","None","None","","","","",""
"1","2","1","8769808542_10155570536373543","data","fetched (200)","2018-04-29 23:23:08.319308","Facebook:<page>/posts","","As Medical Laboratory Professionals week concludes, we would like to recognize our own Lab team for all they do for our hospital. Without their hard work and expertise we would not be able to provide our patients with the best level of care possible. Thank you all for what you do! #LabWeek","","",""
"1","3","1","8769808542_10155570263418543","data","fetched (200)","2018-04-29 23:23:08.319308","Facebook:<page>/posts","","Treats for a cause! To show our appreciation for our employees and all they do for our patients, The University of Kansas St. Francis Campus treated our employees to snow cones, courtesy of Kona Ice of Lawrence. For every icy treat our employees enjoyed, 20% of the proceeds were donated to the Ronald McDonald House Charities of Northeast, KS.","","",""
"1","4","1","8769808542_10155568175383543","data","fetched (200)","2018-04-29 23:23:08.319308","Facebook:<page>/posts","","Yesterday, we held a free ""Hands-Only CPR Course"" to help show the community how to save a life with early heart attack care. We had a great turnout that even included a few girl scouts! Thank you to all who attended.","","",""
"1","5","1","8769808542_10155566155588543","data","fetched (200)","2018-04-29 23:23:08.319308","Facebook:<page>/posts","","Do you and your family know how to perform Hands-Only CPR? WIBW visited our hospital this morning to learn more about how to perform Hands-Only CPR from nurse practitioner, Rita Tomasewski. Click on the link below to view the full segment.   We are holding a free Hands-Only CPR course today from 4:30 pm-6:30 pm at the University of Kansas Health System St. Francis Campus 2nd Floor Auditorium, 1700 SW 7th Street. No registration is required, organizers ask participants to wear comfortable clothing. See you there!","","",""
"1","6","1","8769808542_10155554372598543","data","fetched (200)","2018-04-29 23:23:08.319308","Facebook:<page>/posts","","Happy #NationalHealthcareVolunteerWeek! We truly believe our volunteers at University of Kansas Health System St. Francis Campus are the lifeblood of our mission. They serve in an enriching and meaningful capacity. Through their healing generosity, they give of their time and talent to make our patients and visitors feel warm and welcoming and we could not be more appreciative!   Are you interested in becoming a volunteer? From the front door to the nursing floors to the emergency room, volunteer opportunities are abundant. To learn more, please visit http://kutopeka.com/volunteer.","","",""
"1","7","1","8769808542_10155540176018543","data","fetched (200)","2018-04-29 23:23:08.319308","Facebook:<page>/posts","","April is #DistractedDrivingAwarenessMonth. We use our phones everywhere but one of the deadliest places to use them is our cars. Hang up and #justdrive. Find out why at http://www.nsc.org/justdrive","","",""
"1","8","1","8769808542_10155540159143543","data","fetched (200)","2018-04-29 23:23:08.319308","Facebook:<page>/posts","","Members of our Inpatient Rehabilitation and Outpatient Therapy Departments participated in the Topeka Area Continuity of Care Fair yesterday to help provide education and resources to the Senior community.   Along with information, we provided free balance assessments and prevention tips, as well as free blood pressure screenings.","","",""
"1","9","1","8769808542_10155537955633543","data","fetched (200)","2018-04-29 23:23:08.319308","Facebook:<page>/posts","","Mary Franz is a physician at The University of Kansas Health System St. Francis Campus, where she’s worked in family medicine for 23 years. For her, music is a passion. “I just love music,"" she recently shared with the Topeka Capital-Journal. ""It’s a way to express yourself, it’s a way to escape from frustrations, and it can lift you up when you feel sad and it’s an amazing way to connect with people.”  Mary will be one of the featured physicians at the 11th annual ""Just What the Doctor Ordered"" benefit concert on April 22. To learn more about this event, please visit https://www.facebook.com/events/169462993754993/.","","",""
"1","10","1","8769808542_10155535813133543","data","fetched (200)","2018-04-29 23:23:08.319308","Facebook:<page>/posts","","Today is #NationalPetDay! Do you own a dog? Studies have shown there are several health benefits, including reducing your risk of heart disease, keeping you active and much more!   If you would like to celebrate this day with us, post a photo of your pet in the comment section below.","","",""
"1","11","1","8769808542_10155534444943543","data","fetched (200)","2018-04-29 23:23:08.319308","Facebook:<page>/posts","","Spring is here which means spring cleaning! Remember these safety tips before you start your big clean.  - When using cleaners and other chemicals, open windows and turn on fans. - If you are spraying pesticides or other chemicals, wear protective clothing (long sleeves, pants, socks, shoes and gloves) - Stay away from newly sprayed areas for at least an hour, or until the spray has dried.","","",""
"1","12","1","8769808542_10155525776578543","data","fetched (200)","2018-04-29 23:23:08.319308","Facebook:<page>/posts","","Are you at risk for type 2 diabetes? Find out by taking the risk test from the American Diabetes Association. #DefeatDiabetesMonth","","",""
"1","13","1","8769808542_10155522895733543","data","fetched (200)","2018-04-29 23:23:08.319308","Facebook:<page>/posts","","April is #DefeatDiabetesMonth! Diabetes can be prevented and/or controlled. Right now is the perfect time to start making healthy changes to prevent diabetes. Staying active, setting goals and loading up on fruits and vegetables are things you can do to help reduce your risk of developing diabetes.","","",""
"1","14","1","8769808542_10155508923773543","data","fetched (200)","2018-04-29 23:23:08.319308","Facebook:<page>/posts","","Thank you to everyone who wrote thank-you messages to our doctors for #DoctorsDay!","","",""
"1","15","1","8769808542_10155508919263543","data","fetched (200)","2018-04-29 23:23:08.319308","Facebook:<page>/posts","","Happy Gastroenterology Nurses and Associates Week! We love our GI team and thank them for all they do for our hospital and patients each day! #GITeamWeek","","",""
"1","16","1","8769808542_10155508110418543","data","fetched (200)","2018-04-29 23:23:08.319308","Facebook:<page>/posts","","In recognition of #NationalDoctorsDay, we say thank you to our physicians for their hard work and dedication to accomplishing our mission of delivering high-quality care to our patients each day.","","",""
"1","17","1","8769808542_10155503340203543","data","fetched (200)","2018-04-29 23:23:08.319308","Facebook:<page>/posts","","Doctors' Day is just two days away! If you would like to thank your favorite doctor, comment below and we will share with them. #DoctorsDay","","",""
"1","18","1","8769808542_10155500434538543","data","fetched (200)","2018-04-29 23:23:08.319308","Facebook:<page>/posts","","Cooking takes time, energy and money. You can help stretch your dollars by cooking more than you need for a particular meal and saving the rest for an upcoming meal. This is a great idea on the weekends or days off from work to help prepare healthy meals that are ready to pull from the freezer on busy nights after school or work. #NationalNutritionMonth","","",""
"1","19","1","8769808542_10155488471928543","data","fetched (200)","2018-04-29 23:23:08.319308","Facebook:<page>/posts","","Every day, our doctors dedicate themselves to help you and your family live healthy lives.   Now, it is our turn to say thanks!  Doctors' Day is coming up on Friday, March 30th and we would like to share your gratitude with our doctors. Please post a note for them in the comments below and we will share your notes of thanks with them on #DoctorsDay.","","",""
"1","20","1","8769808542_10155487016303543","data","fetched (200)","2018-04-29 23:23:08.319308","Facebook:<page>/posts","","For #ColonCancerAwarenessMonth, Dr. Balaji Datti, Gastroenterologist for Kansas Medical Clinic shares his thoughts on the importance of awareness. ""Colon cancer is the third most common cancer in men and women in the U.S.,"" he says. ""It is a very common cancer, and it is one of the three cancers that can be prevented via screenings. That is why it is important to spread awareness of the importance of getting colonoscopies. I share with my patients that it is possible to have colon cancer and not have any symptoms in the early stages, so I encourage them to come in and have this screening done so we can remove any polyps that could become cancerous right then and there. Dr. Shekhar Challa and I are trying to prevent cancer through colonoscopies, instead of just finding it.""   To learn more about Dr. Datti or Dr. Challa or to schedule a colonoscopy visit http://www.kmcpa.com/gastroenterology/ or call 785-354-8518.","","",""
"1","21","1","8769808542_10155483978533543","data","fetched (200)","2018-04-29 23:23:08.319308","Facebook:<page>/posts","","","","",""
"1","22","1","8769808542_10155483893718543","data","fetched (200)","2018-04-29 23:23:08.319308","Facebook:<page>/posts","","For #PatientSafetyWeek last week, some of our associates spoke with a group of 70 Washburn University Nursing students regarding safety! Mark Taylor, from Quality and Dana Johnson, from Security, spoke about situational awareness and personal safety in healthcare. Michelle Lour (pictured) from Risk Management spoke to the group about the importance of patient documentation for safety.","","",""
"1","23","1","8769808542_10155469401568543","data","fetched (200)","2018-04-29 23:23:08.319308","Facebook:<page>/posts","","Happy Health Care HR Week! We're so honored to have such a great HR team at The University of Kansas Health System St. Francis Campus. Thank you for all you do each and every day for our hospital and employees! #HCHRWeek","","",""
"1","24","1","8769808542_10155464583503543","data","fetched (200)","2018-04-29 23:23:08.319308","Facebook:<page>/posts","","If you are having trouble sleeping at night, avoid caffeine as much as you can. Experts suggest staying away from coffee, tea, chocolate and other sources of caffeine for as long as six hours before you plan on going to bed.   #NationalSleepAwarenessWeek","","",""
"1","25","1","8769808542_10155464488113543","data","fetched (200)","2018-04-29 23:23:08.319308","Facebook:<page>/posts","","We are recruiting today at Pittsburg State University in Pittsburg, Kansas. There are more than 150 vendors seeing students from all majors and we hope to share our story with them!   To view our open positions, please visit http://kutopeka.com/careers.","","",""
"1","26","1","8769808542_10155462554608543","data","fetched (200)","2018-04-29 23:23:08.319308","Facebook:<page>/posts","","Let's talk snacks! Ditch the sugary treats and reach for some almonds next time you feel yourself in an afternoon lull. Filled with healthy fats, fiber, protein, magnesium and vitamin E, almonds are an excellent snack to keep on hand for those afternoon cravings. Remember, a serving size is about 23 almonds which contains 14 grams of heart-healthy unsaturated fat and 6 grams of protein. #NationalNutritionMonth","","",""
"1","27","1","kutopeka","offcut","fetched (200)","2018-04-29 23:23:08.319308","Facebook:<page>/posts","","","","",""
